id,name,email,role,level,assignedRegion,jurisdiction,designation,departmentId,parentId,contactNumber,officeAddress,createdAt,updatedAt,isActive,blockJurisdiction,panchayatArea,wardNumber,specialization,fieldArea,panchayatDetails,gramSabhaArea,villageCount,panchayatWorkers,panchayatOfficers
cm7258yni0000u64g9hccfzs7,Shrawani Singh,kunaldp379@gmail.com,DISTRICT_MAGISTRATE,TOP,,,,,,9892885090,,2025-02-14 00:12:26,2025-02-14 00:13:31,true,,,,,,,,,,
cm7258yni0000u64g9hcqfzs7,Arvind Kumar,arvind.kumar.xdis@up.gov.in,DISTRICT_MAGISTRATE,TOP,Lucknow,Lucknow District,District Magistrate,,cm7258zo8002ou64g8c7dmdjq,9876543210,Lucknow District Magistrate Office,2025-02-12 16:47:15.054,2025-02-12 16:48:41.203,true,,,,,,,,,,
cm7258yo20001u64g6sq5jjk4,Anita Singh,anita.singh.xdis@up.gov.in,DISTRICT_MAGISTRATE,TOP,Kanpur Nagar,Kanpur Nagar District,District Magistrate,,cm7258zo8002ou64g8c7dmdjq,9876543211,Kanpur Nagar District Magistrate Office,2025-02-12 16:47:15.074,2025-02-12 16:48:41.216,true,,,,,,,,,,
cm7258yoe0002u64gc2cp3uox,Rajesh Verma,rajesh.verma.xdis@up.gov.in,DISTRICT_MAGISTRATE,TOP,Varanasi,Varanasi District,District Magistrate,,cm7258zo8002ou64g8c7dmdjq,9876543212,Varanasi District Magistrate Office,2025-02-12 16:47:15.086,2025-02-12 16:48:41.229,true,,,,,,,,,,
cm7258yow0003u64gopl45zqr,Priya Tiwari,priya.tiwari.xdis@up.gov.in,DISTRICT_MAGISTRATE,TOP,Agra,Agra District,District Magistrate,,cm7258zo8002ou64g8c7dmdjq,9876543213,Agra District Magistrate Office,2025-02-12 16:47:15.104,2025-02-12 16:48:41.25,true,,,,,,,,,,
cm7258ypg0004u64gzugfyzhg,Suresh Yadav,suresh.yadav.xdis@up.gov.in,DISTRICT_MAGISTRATE,TOP,Meerut,Meerut District,District Magistrate,,cm7258zo8002ou64g8c7dmdjq,9876543214,Meerut District Magistrate Office,2025-02-12 16:47:15.124,2025-02-12 16:48:41.26,true,,,,,,,,,,
cm7258yps0005u64gai9qimzq,Neha Sharma,neha.sharma.xdis@up.gov.in,DISTRICT_MAGISTRATE,TOP,Prayagraj,Prayagraj District,District Magistrate,,cm7258zo8002ou64g8c7dmdjq,9876543215,Prayagraj District Magistrate Office,2025-02-12 16:47:15.136,2025-02-12 16:48:41.277,true,,,,,,,,,,
cm7258yq70006u64gjtqt2ld0,Vikas Gupta,vikas.gupta.xdis@up.gov.in,DISTRICT_MAGISTRATE,TOP,Gorakhpur,Gorakhpur District,District Magistrate,,cm7258zo8002ou64g8c7dmdjq,9876543216,Gorakhpur District Magistrate Office,2025-02-12 16:47:15.151,2025-02-12 16:48:41.291,true,,,,,,,,,,
cm7258yqp0007u64gnojmg3dw,Alok Singh,alok.singh.xdis@up.gov.in,DISTRICT_MAGISTRATE,TOP,Bareilly,Bareilly District,District Magistrate,,cm7258zo8002ou64g8c7dmdjq,9876543217,Bareilly District Magistrate Office,2025-02-12 16:47:15.169,2025-02-12 16:48:41.308,true,,,,,,,,,,
cm7258yrb0008u64gctgx2izw,Sunita Devi,sunita.devi.xdis@up.gov.in,DISTRICT_MAGISTRATE,TOP,Moradabad,Moradabad District,District Magistrate,,cm7258zo8002ou64g8c7dmdjq,9876543218,Moradabad District Magistrate Office,2025-02-12 16:47:15.192,2025-02-12 16:48:41.323,true,,,,,,,,,,
cm7258yrs0009u64gaqyc2eul,Rahul Mishra,rahul.mishra.xdis@up.gov.in,DISTRICT_MAGISTRATE,TOP,Saharanpur,Saharanpur District,District Magistrate,,cm7258zo8002ou64g8c7dmdjq,9876543219,Saharanpur District Magistrate Office,2025-02-12 16:47:15.208,2025-02-12 16:48:41.334,true,,,,,,,,,,
cm7258ysb000au64gxo4oe9t4,Amit Patel,amit.patel.xcom@up.gov.in,COMMISSIONER,TOP,Lucknow,Lucknow District,Commissioner,,cm7258znu002nu64g1dw30r0g,9876543220,Lucknow Commissioner Office,2025-02-12 16:47:15.227,2025-02-12 16:48:40.169,true,,,,,,,,,,
cm7258ysn000bu64gdo7360j2,Kavita Singh,kavita.singh.xadm@up.gov.in,ADMINISTRATOR,TOP,Kanpur Nagar,Kanpur Nagar District,Administrator,,,9876543221,Kanpur Nagar Administrator Office,2025-02-12 16:47:15.239,2025-02-12 16:48:39.724,true,,,,,,,,,,
cm7258yt1000cu64g55ie02pk,Ravi Shankar,ravi.shankar.xdep@up.gov.in,DEPARTMENT_HEAD,MID,Lucknow,Lucknow District,Health Department Head,,cm7258zo8002ou64g8c7dmdjq,9876543222,Lucknow Health Department Office,2025-02-12 16:47:15.253,2025-02-12 16:48:40.346,true,,,,,,,,,,
cm7258ytg000du64gmuepzqv6,Pooja Gupta,pooja.gupta.xdep@up.gov.in,DEPARTMENT_HEAD,MID,Kanpur Nagar,Kanpur Nagar District,Education Department Head,,cm7258zo8002ou64g8c7dmdjq,9876543223,Kanpur Nagar Education Department Office,2025-02-12 16:47:15.269,2025-02-12 16:48:40.359,true,,,,,,,,,,
cm7258ytw000eu64gvxpr9zpi,Sanjay Kumar,sanjay.kumar.xblo@up.gov.in,BLOCK_OFFICER,MID,Lucknow,Lucknow District,Block Officer,,cm7258zdg001uu64gd1zi1di2,9876543224,Lucknow Block Office,2025-02-12 16:47:15.284,2025-02-12 16:48:39.884,true,Lucknow Block,,,,,,,,,
cm7258yu6000fu64gy879ynr8,Anjali Sharma,anjali.sharma.xnag@up.gov.in,NAGAR_SEVAK,OPERATIONAL,Lucknow,Lucknow District,Nagar Sevak,,cm7258ypg0004u64gzugfyzhg,9876543225,Lucknow Ward 5 Office,2025-02-12 16:47:15.294,2025-02-12 16:48:41.541,true,,,5,,,,,,,
cm7258yuf000gu64gokr3oqbz,Vivek Singh,vivek.singh.xpan@up.gov.in,PANCHAYAT_OFFICER,OPERATIONAL,Lucknow,Lucknow District,Panchayat Officer,,,9876543226,Lucknow Panchayat Office,2025-02-12 16:47:15.304,2025-02-12 16:47:15.304,true,,Lucknow Panchayat,,,,,,,,
cm7258yv2000hu64gn3wr8gf5,Rekha Yadav,rekha.yadav.xdep@up.gov.in,DEPARTMENT_OFFICER,OPERATIONAL,Lucknow,Lucknow District,Health Officer,,cm7258zgp0024u64gtr92nqf5,9876543227,Lucknow Health Department Office,2025-02-12 16:47:15.326,2025-02-12 16:48:41.098,true,,,,Health,,,,,,
cm7258yvf000iu64g4oudxv9w,Manoj Tiwari,manoj.tiwari.xfie@up.gov.in,FIELD_WORKER,OPERATIONAL,Lucknow,Lucknow District,Field Worker,,cm7258zly002iu64gk8rwlsk3,9876543228,Lucknow Field Office,2025-02-12 16:47:15.339,2025-02-12 16:48:41.447,true,,,,,Field Area,,,,,
cm7258yvs000ju64g3zejfyij,Anil Kumar,anil.kumar.xdis@up.gov.in,DISTRICT_MAGISTRATE,TOP,Lucknow,Lucknow District,District Magistrate,,cm7258zo8002ou64g8c7dmdjq,9876543210,Lucknow DM Office,2025-02-12 16:47:15.352,2025-02-12 16:48:41.347,true,,,,,,,,,,
cm7258yw6000ku64gx85l82pr,Sanjay Verma,sanjay.verma.xcom@up.gov.in,COMMISSIONER,TOP,Lucknow,Lucknow Division,Commissioner,,cm7258znu002nu64g1dw30r0g,9876543211,Lucknow Commissioner's Office,2025-02-12 16:47:15.365,2025-02-12 16:48:40.182,true,,,,,,,,,,
cm7258ywk000lu64gtxmxue9p,Rajesh Sharma,rajesh.sharma.xadm@up.gov.in,ADMINISTRATOR,TOP,Agra,Uttar Pradesh,Administrator,,,9876543217,Agra Admin Office,2025-02-12 16:47:15.38,2025-02-12 16:48:39.751,true,,,,,,,,,,
cm7258ywz000mu64go8bh7nkk,Meera Kapoor,meera.kapoor.xdep@up.gov.in,DEPARTMENT_HEAD,MID,Lucknow,Lucknow Health Department,Health Department Head,,cm7258zo8002ou64g8c7dmdjq,9876543213,Lucknow Health Dept. Office,2025-02-12 16:47:15.395,2025-02-12 16:48:40.379,true,,,,Health,,,,,,
cm7258yxc000nu64ge65iah8n,Amit Tandon,amit.tandon.xdep@up.gov.in,DEPARTMENT_HEAD,MID,Lucknow,Lucknow PWD,Public Works Head,,cm7258zo8002ou64g8c7dmdjq,9876543214,Lucknow PWD Office,2025-02-12 16:47:15.408,2025-02-12 16:48:40.395,true,,,,Public Works,,,,,,
cm7258yxw000ou64gtydk08ou,Rajiv Sinha,rajiv.sinha.xblo@up.gov.in,BLOCK_OFFICER,MID,Lucknow,Lucknow Block A,Block Officer,,cm7258zdg001uu64gd1zi1di2,9876543229,Lucknow Block Office,2025-02-12 16:47:15.428,2025-02-12 16:48:39.894,true,Lucknow Block A,,,,,,,,,
cm7258yya000pu64g5ux9k0hr,Priyanka Mehta,priyanka.mehta.xcit@up.gov.in,CITIZEN,OPERATIONAL,Lucknow,Lucknow District,Citizen,,cm7258zox002qu64gdgma3m19,9876543230,Lucknow Resident,2025-02-12 16:47:15.442,2025-02-12 16:48:40.132,true,,,,,,,,,,
cm7258yyp000qu64g55afll1n,Suresh Yadav,suresh.yadav.xdep@up.gov.in,DEPARTMENT_OFFICER,MID,Ghazipur,Ghazipur District,Agriculture Department Officer,,cm7258zgp0024u64gtr92nqf5,9876543319,Ghazipur Agriculture Dept,2025-02-12 16:47:15.457,2025-02-12 16:48:41.112,true,,,Ghazipur,,Agriculture,,,,,
cm7258yz2000ru64gjvx1znwz,Rahul Verma,rahul.verma.xpan@up.gov.in,PANCHAYAT_OFFICER,OPERATIONAL,Kanpur,Kanpur District,Panchayat Officer,,,9876543201,Kanpur Panchayat Office,2025-02-12 16:47:15.47,2025-02-12 16:47:15.47,true,,Kanpur Panchayat,,,,,,,,
cm7258yzf000su64gmbrwqf7w,Sonia Gupta,sonia.gupta.xpan@up.gov.in,PANCHAYAT_OFFICER,OPERATIONAL,Agra,Agra District,Panchayat Officer,,,9876543202,Agra Panchayat Office,2025-02-12 16:47:15.483,2025-02-12 16:47:15.483,true,,Agra Panchayat,,,,,,,,
cm7258yzr000tu64g3yx50b85,Amit Tiwari,amit.tiwari.xpan@up.gov.in,PANCHAYAT_OFFICER,OPERATIONAL,Varanasi,Varanasi District,Panchayat Officer,,,9876543203,Varanasi Panchayat Office,2025-02-12 16:47:15.495,2025-02-12 16:47:15.495,true,,Varanasi Panchayat,,,,,,,,
cm7258z08000uu64gx9bpo0rx,Neha Sharma,neha.sharma.xpan@up.gov.in,PANCHAYAT_OFFICER,OPERATIONAL,Lucknow,Lucknow District,Panchayat Officer,,,9876543204,Lucknow Panchayat Office,2025-02-12 16:47:15.512,2025-02-12 16:47:15.512,true,,Lucknow Panchayat,,,,,,,,
cm7258z0k000vu64g4l81te1q,Vikas Dubey,vikas.dubey.xpan@up.gov.in,PANCHAYAT_OFFICER,OPERATIONAL,Meerut,Meerut District,Panchayat Officer,,,9876543205,Meerut Panchayat Office,2025-02-12 16:47:15.524,2025-02-12 16:47:15.524,true,,Meerut Panchayat,,,,,,,,
cm7258z0x000wu64gn8hslnfk,Deepak Yadav,deepak.yadav.xgra@up.gov.in,GRAM_PANCHAYAT,OPERATIONAL,Gorakhpur,Gorakhpur District,Gram Panchayat Officer,,cm7258zjf002cu64gpy3s9ks2,9876543206,Gorakhpur Gram Panchayat Office,2025-02-12 16:47:15.537,2025-02-12 16:48:41.657,true,,,6,,,,,,,
cm7258z1b000xu64gthdls1dt,Anjali Mishra,anjali.mishra.xgra@up.gov.in,GRAM_PANCHAYAT,OPERATIONAL,Faizabad,Faizabad District,Gram Panchayat Officer,,cm7258zjf002cu64gpy3s9ks2,9876543207,Faizabad Gram Panchayat Office,2025-02-12 16:47:15.551,2025-02-12 16:48:41.675,true,,,7,,,,,,,
cm7258z1p000yu64gx9zsyafm,Rajat Singh,rajat.singh.xgra@up.gov.in,GRAM_PANCHAYAT,OPERATIONAL,Aligarh,Aligarh District,Gram Panchayat Officer,,cm7258zjf002cu64gpy3s9ks2,9876543208,Aligarh Gram Panchayat Office,2025-02-12 16:47:15.565,2025-02-12 16:48:41.686,true,,,8,,,,,,,
cm7258z23000zu64gfjpeo8so,Simran Kaur,simran.kaur.xgra@up.gov.in,GRAM_PANCHAYAT,OPERATIONAL,Mathura,Mathura District,Gram Panchayat Officer,,cm7258zjf002cu64gpy3s9ks2,9876543209,Mathura Gram Panchayat Office,2025-02-12 16:47:15.579,2025-02-12 16:48:41.703,true,,,9,,,,,,,
cm7258z2q0010u64giyzrta48,Vivek Trivedi,vivek.trivedi.xgra@up.gov.in,GRAM_PANCHAYAT,OPERATIONAL,Bareilly,Bareilly District,Gram Panchayat Officer,,cm7258zjf002cu64gpy3s9ks2,9876543210,Bareilly Gram Panchayat Office,2025-02-12 16:47:15.602,2025-02-12 16:48:41.718,true,,,10,,,,,,,
cm7258z310011u64gwz91b2dg,Manish Thakur,manish.thakur.xblo@up.gov.in,BLOCK_OFFICER,MID,Varanasi,Varanasi Block,Block Officer,,cm7258zdg001uu64gd1zi1di2,9876543211,Varanasi Block Office,2025-02-12 16:47:15.614,2025-02-12 16:48:39.913,true,Varanasi Block,,,,,,,,,
cm7258z3g0012u64g3aoh6ame,Poonam Dixit,poonam.dixit.xblo@up.gov.in,BLOCK_OFFICER,MID,Kanpur,Kanpur Block,Block Officer,,cm7258zdg001uu64gd1zi1di2,9876543212,Kanpur Block Office,2025-02-12 16:47:15.628,2025-02-12 16:48:39.938,true,Kanpur Block,,,,,,,,,
cm7258z3u0013u64g31wlpimb,Rahul Saxena,rahul.saxena.xblo@up.gov.in,BLOCK_OFFICER,MID,Agra,Agra Block,Block Officer,,cm7258zdg001uu64gd1zi1di2,9876543213,Agra Block Office,2025-02-12 16:47:15.642,2025-02-12 16:48:39.972,true,Agra Block,,,,,,,,,
cm7258z440014u64g279wysjb,Pallavi Yadav,pallavi.yadav.xblo@up.gov.in,BLOCK_OFFICER,MID,Lucknow,Lucknow Block,Block Officer,,cm7258zdg001uu64gd1zi1di2,9876543214,Lucknow Block Office,2025-02-12 16:47:15.653,2025-02-12 16:48:39.989,true,Lucknow Block,,,,,,,,,
cm7258z4i0015u64got7c6l5n,Rajat Kapoor,rajat.kapoor.xblo@up.gov.in,BLOCK_OFFICER,MID,Meerut,Meerut Block,Block Officer,,cm7258zdg001uu64gd1zi1di2,9876543215,Meerut Block Office,2025-02-12 16:47:15.666,2025-02-12 16:48:40,true,Meerut Block,,,,,,,,,
cm7258z520016u64gtwsuudot,Arun Mehta,arun.mehta.xcom@up.gov.in,COMMISSIONER,TOP,Lucknow,Uttar Pradesh,Commissioner,,cm7258znu002nu64g1dw30r0g,9876543216,Lucknow Commissioner Office,2025-02-12 16:47:15.686,2025-02-12 16:48:40.197,true,,,,,,,,,,
cm7258z5t0018u64gzut4aqty,Rajesh Verma,rajesh.verma.xcom@up.gov.in,COMMISSIONER,TOP,Lucknow,Uttar Pradesh,Commissioner,,cm7258znu002nu64g1dw30r0g,9876543301,Lucknow Headquarters,2025-02-12 16:47:15.713,2025-02-12 16:48:40.209,true,,,,,,,,,,
cm7258z660019u64g0sqhd204,Neha Srivastava,neha.srivastava.xadm@up.gov.in,ADMINISTRATOR,TOP,Kanpur,Uttar Pradesh,State Administrator,,,9876543302,Kanpur State Office,2025-02-12 16:47:15.726,2025-02-12 16:48:39.768,true,,,,,,,,,,
cm7258z6i001au64gdo8csp2o,Amit Khanna,amit.khanna.xdep@up.gov.in,DEPARTMENT_OFFICER,MID,Varanasi,Varanasi District,Health Department Officer,,cm7258zgp0024u64gtr92nqf5,9876543303,Varanasi Health Dept,2025-02-12 16:47:15.738,2025-02-12 16:48:41.125,true,,,Varanasi,,Health,,,,,
cm7258z6q001bu64gvjn18ge6,Suman Gupta,suman.gupta.xblo@up.gov.in,BLOCK_OFFICER,MID,Prayagraj,Prayagraj District,Block Development Officer,,cm7258zdg001uu64gd1zi1di2,9876543304,Prayagraj Block Office,2025-02-12 16:47:15.747,2025-02-12 16:48:40.028,true,Prayagraj Block,,,,,,,,,
cm7258z71001cu64g89t9qj06,Pankaj Dubey,pankaj.dubey.xnag@up.gov.in,NAGAR_SEVAK,OPERATIONAL,Gorakhpur,Gorakhpur Municipality,Nagar Sevak,,cm7258ypg0004u64gzugfyzhg,9876543305,Gorakhpur Nagar Office,2025-02-12 16:47:15.757,2025-02-12 16:48:41.555,true,,,7,,,,,,,
cm7258z7d001du64goov4fpk7,Ravi Tandon,ravi.tandon.xpan@up.gov.in,PANCHAYAT_OFFICER,OPERATIONAL,Agra,Agra District,Panchayat Officer,,,9876543306,Agra Panchayat Office,2025-02-12 16:47:15.769,2025-02-12 16:47:15.769,true,,Agra Panchayat,,,,,,,,
cm7258z7p001eu64g8limxdtl,Kavita Sharma,kavita.sharma.xgra@up.gov.in,GRAM_PANCHAYAT,OPERATIONAL,Bareilly,Bareilly District,Gram Panchayat Head,,cm7258zjf002cu64gpy3s9ks2,9876543307,Bareilly Gram Office,2025-02-12 16:47:15.781,2025-02-12 16:48:41.737,true,,Bareilly Panchayat,,,Rural Development,,,,,
cm7258z81001fu64gajrsz126,Suraj Mishra,suraj.mishra.xfie@up.gov.in,FIELD_WORKER,OPERATIONAL,Meerut,Meerut District,Field Worker,,cm7258zly002iu64gk8rwlsk3,9876543308,Meerut Field Office,2025-02-12 16:47:15.793,2025-02-12 16:48:41.458,true,,,,,Sanitation,,,,,
cm7258z8h001gu64ggx3dp5oe,Reena Yadav,reena.yadav.xcom@up.gov.in,COMMISSIONER,TOP,Ghaziabad,Uttar Pradesh,Commissioner,,cm7258znu002nu64g1dw30r0g,9876543309,Ghaziabad Commissioner Office,2025-02-12 16:47:15.809,2025-02-12 16:48:40.223,true,,,,,,,,,,
cm7258z8q001hu64gghpn406l,Ajay Pratap,ajay.pratap.xadm@up.gov.in,ADMINISTRATOR,TOP,Aligarh,Uttar Pradesh,State Administrator,,,9876543310,Aligarh Admin Office,2025-02-12 16:47:15.819,2025-02-12 16:48:39.787,true,,,,,,,,,,
cm7258z92001iu64ggbjdity7,Sunita Mehra,sunita.mehra.xdep@up.gov.in,DEPARTMENT_OFFICER,MID,Jhansi,Jhansi District,Education Department Officer,,cm7258zgp0024u64gtr92nqf5,9876543311,Jhansi Education Dept,2025-02-12 16:47:15.83,2025-02-12 16:48:41.136,true,,,Jhansi,,Education,,,,,
cm7258z9e001ju64gxtealiw7,Vishal Trivedi,vishal.trivedi.xblo@up.gov.in,BLOCK_OFFICER,MID,Ayodhya,Ayodhya District,Block Development Officer,,cm7258zdg001uu64gd1zi1di2,9876543312,Ayodhya Block Office,2025-02-12 16:47:15.842,2025-02-12 16:48:40.042,true,Ayodhya Block,,,,,,,,,
cm7258z9o001ku64gs4438qxs,Priya Chauhan,priya.chauhan.xnag@up.gov.in,NAGAR_SEVAK,OPERATIONAL,Mathura,Mathura Municipality,Nagar Sevak,,cm7258ypg0004u64gzugfyzhg,9876543313,Mathura Nagar Office,2025-02-12 16:47:15.853,2025-02-12 16:48:41.565,true,,,4,,,,,,,
cm7258z9z001lu64gjkrsyjvl,Ankit Shukla,ankit.shukla.xpan@up.gov.in,PANCHAYAT_OFFICER,OPERATIONAL,Saharanpur,Saharanpur District,Panchayat Officer,,,9876543314,Saharanpur Panchayat Office,2025-02-12 16:47:15.863,2025-02-12 16:47:15.863,true,,Saharanpur Panchayat,,,,,,,,
cm7258zaa001mu64g4cexdxm1,Alok Singh,alok.singh.xgra@up.gov.in,GRAM_PANCHAYAT,OPERATIONAL,Gonda,Gonda District,Gram Panchayat Head,,cm7258zjf002cu64gpy3s9ks2,9876543315,Gonda Gram Office,2025-02-12 16:47:15.874,2025-02-12 16:48:41.753,true,,Gonda Panchayat,,,Rural Infrastructure,,,,,
cm7258zat001nu64gugw3ce4j,Meena Tiwari,meena.tiwari.xfie@up.gov.in,FIELD_WORKER,OPERATIONAL,Moradabad,Moradabad District,Field Worker,,cm7258zly002iu64gk8rwlsk3,9876543316,Moradabad Field Office,2025-02-12 16:47:15.893,2025-02-12 16:48:41.477,true,,,,,Hygiene & Water Supply,,,,,
cm7258zb7001ou64g6d5vsjku,Dinesh Patel,dinesh.patel.xcom@up.gov.in,COMMISSIONER,TOP,Fatehpur,Uttar Pradesh,Commissioner,,cm7258znu002nu64g1dw30r0g,9876543317,Fatehpur Commissioner Office,2025-02-12 16:47:15.907,2025-02-12 16:48:40.236,true,,,,,,,,,,
cm7258zbm001pu64go3n1effd,Seema Rani,seema.rani.xadm@up.gov.in,ADMINISTRATOR,TOP,Faizabad,Uttar Pradesh,State Administrator,,,9876543318,Faizabad Admin Office,2025-02-12 16:47:15.922,2025-02-12 16:48:39.804,true,,,,,,,,,,
cm7258zcb001ru64guss3po9y,Deepak Pandey,deepak.pandey.xblo@up.gov.in,BLOCK_OFFICER,MID,Sitapur,Sitapur District,Block Development Officer,,cm7258zdg001uu64gd1zi1di2,9876543320,Sitapur Block Office,2025-02-12 16:47:15.947,2025-02-12 16:48:40.056,true,Sitapur Block,,,,,,,,,
cm7258zcl001su64g4igmvnsa,Pooja Saxena,pooja.saxena.xnag@up.gov.in,NAGAR_SEVAK,OPERATIONAL,Shahjahanpur,Shahjahanpur Municipality,Nagar Sevak,,cm7258ypg0004u64gzugfyzhg,9876543321,Shahjahanpur Nagar Office,2025-02-12 16:47:15.957,2025-02-12 16:48:41.581,true,,,6,,,,,,,
cm7258zcx001tu64g6si75dwm,Kiran Sharma,kiran.sharma.xpan@up.gov.in,PANCHAYAT_OFFICER,OPERATIONAL,Basti,Basti District,Panchayat Officer,,,9876543322,Basti Panchayat Office,2025-02-12 16:47:15.969,2025-02-12 16:47:15.969,true,,Basti Panchayat,,,,,,,,
cm7258zdg001uu64gd1zi1di2,Suhas L Y,suhas.l.y.tdis@up.gov.in,DISTRICT_MAGISTRATE,TOP,Gautam Buddha Nagar,Gautam Buddha Nagar District,District Magistrate,,cm7258zo8002ou64g8c7dmdjq,0120-2560199,"District Collectorate, Surajpur, Greater Noida",2025-02-12 16:47:15.988,2025-02-12 16:48:41.36,true,,,,,,,,,,
cm7258zdr001vu64g6ep0cwiw,Indra Vikram Singh,indra.vikram.singh.tdis@up.gov.in,DISTRICT_MAGISTRATE,TOP,Lucknow,Lucknow District,District Magistrate,,cm7258zo8002ou64g8c7dmdjq,0522-2628469,"Collector Office, 1st Floor, Vikas Bhawan, Lucknow",2025-02-12 16:47:15.999,2025-02-12 16:48:41.372,true,,,,,,,,,,
cm7258ze0001wu64gufm08bs7,Ravindra Kumar,ravindra.kumar.tcom@up.gov.in,COMMISSIONER,TOP,Lucknow Division,"Lucknow, Hardoi, Unnao, Rae Bareli, Sitapur",Divisional Commissioner,,cm7258znu002nu64g1dw30r0g,0522-2238598,"Commissioner Office, 5 Park Road, Lucknow",2025-02-12 16:47:16.008,2025-02-12 16:48:40.254,true,,,,,,,,,,
cm7258zed001xu64gdtrzfr9q,Anil Kumar Singh,anil.kumar.singh.mblo@up.gov.in,BLOCK_OFFICER,MID,Chinhat Block,Chinhat Development Block,Block Development Officer,,cm7258zdg001uu64gd1zi1di2,0522-2657841,"Block Office, Chinhat, Lucknow",2025-02-12 16:47:16.021,2025-02-12 16:48:40.069,true,Chinhat Block,,,,,,,,,
cm7258zeq001yu64g4pnv4m8y,Rajesh Kumar,rajesh.kumar.opan@up.gov.in,PANCHAYAT_OFFICER,OPERATIONAL,Sarojini Nagar,Sarojini Nagar Panchayat,Gram Panchayat Officer,,,0522-2657890,"Panchayat Bhawan, Sarojini Nagar",2025-02-12 16:47:16.034,2025-02-12 16:47:16.034,true,,Sarojini Nagar,,,,"{""mainOccupation"":""Agriculture"",""totalPopulation"":25000}",Sarojini Nagar Area,12,"{""categories"":[""MGNREGA"",""Health"",""Education""],""totalWorkers"":15}","{""secretary"":""Ram Kumar"",""assistants"":3}"
cm7258zf0001zu64ge6lvt7cr,Amit Pal Sharma,amit.pal.sharma.mnag@up.gov.in,NAGAR_SEVAK,MID,Gomti Nagar,Gomti Nagar Zone,Municipal Corporator,,cm7258ypg0004u64gzugfyzhg,0522-2395467,"Municipal Office, Gomti Nagar, Lucknow",2025-02-12 16:47:16.045,2025-02-12 16:48:41.599,true,,,Ward 56,Urban Development,,,,,,
cm7258zfi0020u64gon572x6a,Dr. Rakesh Verma,dr.rakesh.verma.mdep@up.gov.in,DEPARTMENT_HEAD,MID,Uttar Pradesh,State Health Services,Director General Health Services,,cm7258zo8002ou64g8c7dmdjq,0522-2287327,"Swasthya Bhawan, Lucknow",2025-02-12 16:47:16.062,2025-02-12 16:48:40.405,true,,,,Public Health Administration,,,,,,
cm7258zfs0021u64guja3qp7p,Vijay Kiran Anand,vijay.kiran.anand.mdep@up.gov.in,DEPARTMENT_HEAD,MID,Uttar Pradesh,State Education Department,Director of Education,,cm7258zo8002ou64g8c7dmdjq,0522-2238329,"Directorate of Education, Nishatganj, Lucknow",2025-02-12 16:47:16.072,2025-02-12 16:48:40.422,true,,,,Education Administration,,,,,,
cm7258zg30022u64gofo25uof,Manoj Kumar Singh,manoj.kumar.singh.mdep@up.gov.in,DEPARTMENT_HEAD,MID,Uttar Pradesh,State Agriculture Department,Director of Agriculture,,cm7258zo8002ou64g8c7dmdjq,0522-2623175,"Krishi Bhawan, Lucknow",2025-02-12 16:47:16.083,2025-02-12 16:48:40.437,true,,,,Agricultural Development,,,,,,
cm7258zgd0023u64ghmpek1vu,S.V.S. Ranga Rao,svs.ranga.rao.mdep@up.gov.in,DEPARTMENT_HEAD,MID,Uttar Pradesh,Public Works Department,Engineer-in-Chief PWD,,cm7258zo8002ou64g8c7dmdjq,0522-2236496,"PWD Headquarters, Lucknow",2025-02-12 16:47:16.094,2025-02-12 16:48:40.448,true,,,,Infrastructure Development,,,,,,
cm7258zgp0024u64gtr92nqf5,Aparna U,aparna.u.mdep@up.gov.in,DEPARTMENT_HEAD,MID,Uttar Pradesh,Rural Development Department,Director Rural Development,,cm7258zo8002ou64g8c7dmdjq,0522-2287796,"Vikas Bhawan, Lucknow",2025-02-12 16:47:16.105,2025-02-12 16:48:40.461,true,,,,Rural Development,,,,,,
cm7258zh10025u64gyp9w5si4,Dr. Roshan Jacob,dr.roshan.jacob.mdep@up.gov.in,DEPARTMENT_HEAD,MID,Uttar Pradesh,Industries Department,Director of Industries,,cm7258zo8002ou64g8c7dmdjq,0522-2238902,"Udyog Bandhu, Lucknow",2025-02-12 16:47:16.117,2025-02-12 16:48:40.471,true,,,,Industrial Development,,,,,,
cm7258zhb0026u64g7thba04h,Rajesh Kumar Tyagi,rajesh.kumar.tyagi.mdep@up.gov.in,DEPARTMENT_HEAD,MID,Uttar Pradesh,Transport Department,Transport Commissioner,,cm7258zo8002ou64g8c7dmdjq,0522-2613978,"Transport Commissionerate, Lucknow",2025-02-12 16:47:16.127,2025-02-12 16:48:40.483,true,,,,Transport Management,,,,,,
cm7258zhn0027u64gnbo3i4r9,Parthasarathy Sen Sharma,parthasarathy.sen.sharma.mdep@up.gov.in,DEPARTMENT_HEAD,MID,Uttar Pradesh,Urban Development Department,Director Urban Development,,cm7258zo8002ou64g8c7dmdjq,0522-2286103,"Nagar Vikas Bhawan, Lucknow",2025-02-12 16:47:16.139,2025-02-12 16:48:40.493,true,,,,Urban Planning,,,,,,
cm7258zi40028u64gvck22cnf,Manoj Kumar,manoj.kumar.ofie@up.gov.in,FIELD_WORKER,OPERATIONAL,Lucknow East,Eastern Lucknow Sector,Field Supervisor,,cm7258zly002iu64gk8rwlsk3,0522-2657123,"Field Office, Indira Nagar, Lucknow",2025-02-12 16:47:16.156,2025-02-12 16:48:41.488,true,,,,Field Operations,Indira Nagar Sector,,,,,
cm7258zif0029u64g7cd1vrxh,Dr. Sanjay Singh,dr.sanjay.singh.tadm@up.gov.in,ADMINISTRATOR,TOP,Uttar Pradesh,State Health Administration,Principal Secretary Health,,,0522-2238876,"Lok Bhawan, Lucknow",2025-02-12 16:47:16.167,2025-02-12 16:48:39.82,true,,,,Health Administration,,,,,,
cm7258zip002au64gs7018a2d,Ritu Maheshwari,ritu.maheshwari.tcom@up.gov.in,COMMISSIONER,TOP,Meerut Division,"Meerut, Baghpat, Ghaziabad, Bulandshahr",Divisional Commissioner,,cm7258znu002nu64g1dw30r0g,0121-2645678,"Commissioner Office, Meerut",2025-02-12 16:47:16.177,2025-02-12 16:48:40.269,true,,,,,,,,,,
cm7258zj5002bu64g4sfud2hl,Selva Kumari J,selva.kumari.j.tdis@up.gov.in,DISTRICT_MAGISTRATE,TOP,Ghaziabad,Ghaziabad District,District Magistrate,,cm7258zo8002ou64g8c7dmdjq,0120-2790771,"Collectorate, Ghaziabad",2025-02-12 16:47:16.193,2025-02-12 16:48:41.387,true,,,,,,,,,,
cm7258zjf002cu64gpy3s9ks2,Surendra Singh,surendra.singh.opan@up.gov.in,PANCHAYAT_OFFICER,OPERATIONAL,Modinagar,Modinagar Block,Gram Panchayat Officer,,,0121-2675432,"Panchayat Office, Modinagar",2025-02-12 16:47:16.204,2025-02-12 16:47:16.204,true,,Modinagar,,,,"{""mainOccupation"":""Industry"",""totalPopulation"":30000}",Modinagar Area,15,"{""categories"":[""Sanitation"",""Development""],""totalWorkers"":20}","{""secretary"":""Amit Kumar"",""assistants"":4}"
cm7258zjt002du64gnm3l167i,Yogesh Kumar,yogesh.kumar.mblo@up.gov.in,BLOCK_OFFICER,MID,Meerut Sadar,Meerut Sadar Block,Block Development Officer,,cm7258zdg001uu64gd1zi1di2,0121-2678543,"Block Office, Meerut Sadar",2025-02-12 16:47:16.217,2025-02-12 16:48:40.081,true,Meerut Sadar Block,,,,,,,,,
cm7258zk9002eu64gxrzxfho5,Dr. Prerna Singh,dr.prerna.singh.odep@up.gov.in,DEPARTMENT_OFFICER,OPERATIONAL,Lucknow,Lucknow Medical Zone,Chief Medical Officer,,cm7258zgp0024u64gtr92nqf5,0522-2616102,"CMO Office, Lalbagh, Lucknow",2025-02-12 16:47:16.233,2025-02-12 16:48:41.146,true,,,,Public Health,,,,,,
cm7258zkl002fu64gzl2yco4v,Dr. Archana Sharma,dr.archana.sharma.odep@up.gov.in,DEPARTMENT_OFFICER,OPERATIONAL,Lucknow,District Education Department,District Education Officer,,cm7258zgp0024u64gtr92nqf5,0522-2625789,"DEO Office, Hazratganj, Lucknow",2025-02-12 16:47:16.245,2025-02-12 16:48:41.158,true,,,,Education Administration,,,,,,
cm7258zkz002gu64gj13it4a1,Vikas Pandey,vikas.pandey.tdis@up.gov.in,DISTRICT_MAGISTRATE,TOP,Varanasi,Varanasi District,District Magistrate,,cm7258zo8002ou64g8c7dmdjq,0542-2509999,"Collectorate, Varanasi",2025-02-12 16:47:16.259,2025-02-12 16:48:41.4,true,,,,,,,,,,
cm7258zlm002hu64gnna73p9m,Rahul Sharma,rahul.sharma.tcom@up.gov.in,COMMISSIONER,TOP,Agra Division,"Agra, Firozabad, Mathura, Mainpuri",Divisional Commissioner,,cm7258znu002nu64g1dw30r0g,0562-2601234,"Commissioner Office, Agra",2025-02-12 16:47:16.282,2025-02-12 16:48:40.281,true,,,,,,,,,,
cm7258zly002iu64gk8rwlsk3,Arun Singh,arun.singh.mblo@up.gov.in,BLOCK_OFFICER,MID,Barabanki,Barabanki Block,Block Development Officer,,cm7258zdg001uu64gd1zi1di2,05248-220011,"Block Office, Barabanki",2025-02-12 16:47:16.294,2025-02-12 16:48:40.091,true,Barabanki,,,,,,,,,
cm7258zm9002ju64g2amh2t4c,Meena Kumari,meena.kumari.opan@up.gov.in,PANCHAYAT_OFFICER,OPERATIONAL,Sitapur,Sitapur Panchayat,Gram Panchayat Officer,,,05862-262121,"Panchayat Bhawan, Sitapur",2025-02-12 16:47:16.305,2025-02-12 16:47:16.305,true,,Sitapur,,,,"{""mainOccupation"":""Agriculture"",""totalPopulation"":28000}",Sitapur Area,10,"{""categories"":[""MGNREGA"",""Health""],""totalWorkers"":18}","{""secretary"":""Sunil Mishra"",""assistants"":5}"
cm7258zmp002ku64g4dpy094g,Neeraj Kumar,neeraj.kumar.mnag@up.gov.in,NAGAR_SEVAK,MID,Kanpur,Kanpur Zone,Municipal Corporator,,cm7258ypg0004u64gzugfyzhg,0512-2546789,"Municipal Office, Kanpur",2025-02-12 16:47:16.321,2025-02-12 16:48:41.614,true,,,Ward 42,Urban Development,,,,,,
cm7258zn5002lu64gyb73en41,Dr. Sunita Verma,dr.sunita.verma.mdep@up.gov.in,DEPARTMENT_HEAD,MID,Uttar Pradesh,State Agriculture Services,Director General Agriculture,,cm7258zo8002ou64g8c7dmdjq,0522-2200199,"Agriculture Bhawan, Lucknow",2025-02-12 16:47:16.337,2025-02-12 16:48:40.502,true,,,,Agriculture Development,,,,,,
cm7258znj002mu64gjmxwaf48,Rakesh Yadav,rakesh.yadav.ofie@up.gov.in,FIELD_WORKER,OPERATIONAL,Allahabad,Allahabad Rural Sector,Field Supervisor,,cm7258zly002iu64gk8rwlsk3,0532-2409876,"Field Office, Prayagraj",2025-02-12 16:47:16.351,2025-02-12 16:48:41.5,true,,,,Field Operations,Naini Sector,,,,,
cm7258znu002nu64g1dw30r0g,Dr. Rajesh Tiwari,dr.rajesh.tiwari.tadm@up.gov.in,ADMINISTRATOR,TOP,Uttar Pradesh,State Transport Administration,Principal Secretary Transport,,,0522-2234576,"Lok Bhawan, Lucknow",2025-02-12 16:47:16.361,2025-02-12 16:48:39.834,true,,,,Transport Administration,,,,,,
cm7258zo8002ou64g8c7dmdjq,Alok Kumar Singh,alok.kumar.singh.tcom@up.gov.in,COMMISSIONER,TOP,Bareilly Division,"Bareilly, Badaun, Pilibhit",Divisional Commissioner,,cm7258znu002nu64g1dw30r0g,0581-2526789,"Commissioner Office, Bareilly",2025-02-12 16:47:16.376,2025-02-12 16:48:40.297,true,,,,,,,,,,
cm7258zom002pu64gh59wit69,Anjali Sinha,anjali.sinha.tdis@up.gov.in,DISTRICT_MAGISTRATE,TOP,Moradabad,Moradabad District,District Magistrate,,cm7258zo8002ou64g8c7dmdjq,0591-2412567,"Collectorate, Moradabad",2025-02-12 16:47:16.39,2025-02-12 16:48:41.412,true,,,,,,,,,,
cm7258zox002qu64gdgma3m19,Manish Gupta,manish.gupta.opan@up.gov.in,PANCHAYAT_OFFICER,OPERATIONAL,Aligarh,Aligarh Block,Gram Panchayat Officer,,,0571-2751234,"Panchayat Office, Aligarh",2025-02-12 16:47:16.402,2025-02-12 16:47:16.402,true,,Aligarh,,,,"{""mainOccupation"":""Handicrafts"",""totalPopulation"":22000}",Aligarh Area,8,"{""categories"":[""Sanitation"",""Infrastructure""],""totalWorkers"":12}","{""secretary"":""Amit Sharma"",""assistants"":3}"
cm7258zpa002ru64gd0hooplx,Shri V. K. Singh,shri.v.k.singh.mdep@up.gov.in,DEPARTMENT_HEAD,MID,Lucknow,UP Jal Nigam,Department Head,,cm7258zo8002ou64g8c7dmdjq,0522-XXX-XXXX,"Office Address, Lucknow",2025-02-12 16:47:16.414,2025-02-12 16:48:40.516,true,,,,,,,,,,
cm7258zpr002su64g8zkuxzgw,Dr. Arvind Kumar,dr.arvind.kumar.mdep@up.gov.in,DEPARTMENT_HEAD,MID,Lucknow,UP Power Corporation Ltd.,Department Head,,cm7258zo8002ou64g8c7dmdjq,0522-XXX-XXXX,"Office Address, Lucknow",2025-02-12 16:47:16.43,2025-02-12 16:48:40.534,true,,,,,,,,,,
cm7258zq6002tu64gipf8t8b6,Shri Rajesh Sharma,shri.rajesh.sharma.mdep@up.gov.in,DEPARTMENT_HEAD,MID,Kanpur,Municipal Corporation,Department Head,,cm7258zo8002ou64g8c7dmdjq,0512-XXX-XXXX,"Office Address, Kanpur",2025-02-12 16:47:16.446,2025-02-12 16:48:40.545,true,,,,,,,,,,
cm7258zql002uu64glvgdgg0j,Shri S. K. Verma,shri.s.k.verma.mdep@up.gov.in,DEPARTMENT_HEAD,MID,Varanasi,Public Works Department,Department Head,,cm7258zo8002ou64g8c7dmdjq,0542-XXX-XXXX,"Office Address, Varanasi",2025-02-12 16:47:16.461,2025-02-12 16:48:40.559,true,,,,,,,,,,
cm7258zqy002vu64g5guex098,Shri Rakesh Yadav,shri.rakesh.yadav.mdep@up.gov.in,DEPARTMENT_HEAD,MID,Prayagraj,State Transport Department,Department Head,,cm7258zo8002ou64g8c7dmdjq,0532-XXX-XXXX,"Office Address, Prayagraj",2025-02-12 16:47:16.474,2025-02-12 16:48:40.573,true,,,,,,,,,,
cm7258zrc002wu64gwjclntdz,Dr. Sanjay Gupta,dr.sanjay.gupta.mdep@up.gov.in,DEPARTMENT_HEAD,MID,Lucknow,Health Department,Department Head,,cm7258zo8002ou64g8c7dmdjq,0522-XXX-XXXX,"Office Address, Lucknow",2025-02-12 16:47:16.488,2025-02-12 16:48:40.594,true,,,,,,,,,,
cm7258zrp002xu64gaexu8api,Shri Anil Kumar,shri.anil.kumar.mdep@up.gov.in,DEPARTMENT_HEAD,MID,Meerut,Police Department,Department Head,,cm7258zo8002ou64g8c7dmdjq,0121-XXX-XXXX,"Office Address, Meerut",2025-02-12 16:47:16.501,2025-02-12 16:48:40.609,true,,,,,,,,,,
cm7258zs8002yu64gkyzuii00,Shri Mohit Singh,shri.mohit.singh.mdep@up.gov.in,DEPARTMENT_HEAD,MID,Agra,Education Department,Department Head,,cm7258zo8002ou64g8c7dmdjq,0562-XXX-XXXX,"Office Address, Agra",2025-02-12 16:47:16.52,2025-02-12 16:48:40.624,true,,,,,,,,,,
cm7258zsn002zu64g6uiqpez4,Shri Deepak Tiwari,shri.deepak.tiwari.mdep@up.gov.in,DEPARTMENT_HEAD,MID,Noida,Water Supply Department,Department Head,,cm7258zo8002ou64g8c7dmdjq,0120-XXX-XXXX,"Office Address, Noida",2025-02-12 16:47:16.536,2025-02-12 16:48:40.638,true,,,,,,,,,,
cm7258zsz0030u64gfqx73pkd,Shri Alok Verma,shri.alok.verma.mdep@up.gov.in,DEPARTMENT_HEAD,MID,Ghaziabad,Electricity Department,Department Head,,cm7258zo8002ou64g8c7dmdjq,0120-XXX-XXXX,"Office Address, Ghaziabad",2025-02-12 16:47:16.548,2025-02-12 16:48:40.65,true,,,,,,,,,,
cm7258zta0031u64guz3608mn,Shri Pankaj Kumar,shri.pankaj.kumar.mdep@up.gov.in,DEPARTMENT_HEAD,MID,Bareilly,Sanitation Department,Department Head,,cm7258zo8002ou64g8c7dmdjq,0581-XXX-XXXX,"Office Address, Bareilly",2025-02-12 16:47:16.558,2025-02-12 16:48:40.666,true,,,,,,,,,,
cm7258ztm0032u64gg3lumcc3,Shri Yashwant Chauhan,shri.yashwant.chauhan.mdep@up.gov.in,DEPARTMENT_HEAD,MID,Lucknow,UP Police Department,Department Head,,cm7258zo8002ou64g8c7dmdjq,0522-XXX-XXXX,"Office Address, Lucknow",2025-02-12 16:47:16.57,2025-02-12 16:48:40.677,true,,,,,,,,,,
cm7258zty0033u64gmunazef3,Shri Vinod Sharma,shri.vinod.sharma.mdep@up.gov.in,DEPARTMENT_HEAD,MID,Kanpur,Transport Department,Department Head,,cm7258zo8002ou64g8c7dmdjq,0512-XXX-XXXX,"Office Address, Kanpur",2025-02-12 16:47:16.583,2025-02-12 16:48:40.692,true,,,,,,,,,,
cm7258zu80034u64gzkicj7tb,Shri Suresh Pandey,shri.suresh.pandey.mdep@up.gov.in,DEPARTMENT_HEAD,MID,Varanasi,Traffic Police Department,Department Head,,cm7258zo8002ou64g8c7dmdjq,0542-XXX-XXXX,"Office Address, Varanasi",2025-02-12 16:47:16.593,2025-02-12 16:48:40.707,true,,,,,,,,,,
cm7258zum0035u64gmg0nski9,Shri Om Prakash,shri.om.prakash.mdep@up.gov.in,DEPARTMENT_HEAD,MID,Lucknow,Anti-Corruption Bureau,Department Head,,cm7258zo8002ou64g8c7dmdjq,0522-XXX-XXXX,"Office Address, Lucknow",2025-02-12 16:47:16.606,2025-02-12 16:48:40.718,true,,,,,,,,,,
cm7258zux0036u64gck1e5544,Shri Uday Pratap,shri.uday.pratap.mdep@up.gov.in,DEPARTMENT_HEAD,MID,Kanpur,Road Safety Department,Department Head,,cm7258zo8002ou64g8c7dmdjq,0512-XXX-XXXX,"Office Address, Kanpur",2025-02-12 16:47:16.617,2025-02-12 16:48:40.74,true,,,,,,,,,,
cm7258zv60037u64gf5lkusmj,Shri Rajiv Saxena,shri.rajiv.saxena.mdep@up.gov.in,DEPARTMENT_HEAD,MID,Ghaziabad,Water Quality Department,Department Head,,cm7258zo8002ou64g8c7dmdjq,0120-XXX-XXXX,"Office Address, Ghaziabad",2025-02-12 16:47:16.626,2025-02-12 16:48:40.73,true,,,,,,,,,,
cm7258zvn0038u64ghsgoxy3j,श्री संजय मिश्रा,..mdep@up.gov.in,DEPARTMENT_HEAD,MID,Lucknow,प्रशासन विभाग,Department Head,,cm7258zo8002ou64g8c7dmdjq,0522-XXX-XXXX,"Office Address, Lucknow",2025-02-12 16:47:16.643,2025-02-12 16:48:40.75,true,,,,,,,,,,
cm7258zxr003du64gsxx2fp0t,Dr. Anil Kumar,dr.anil.kumar.mdep@up.gov.in,DEPARTMENT_HEAD,MID,Lucknow,स्वास्थ्य विभाग,Department Head,,cm7258zo8002ou64g8c7dmdjq,0522-XXX-XXXX,"Office Address, Lucknow",2025-02-12 16:47:16.719,2025-02-12 16:48:40.762,true,,,,,,,,,,
cm7258zy2003eu64gjdmo96k0,Shri Rajeev Mishra,shri.rajeev.mishra.mdep@up.gov.in,DEPARTMENT_HEAD,MID,Meerut,पुलिस विभाग,Department Head,,cm7258zo8002ou64g8c7dmdjq,0121-XXX-XXXX,"Office Address, Meerut",2025-02-12 16:47:16.73,2025-02-12 16:48:40.773,true,,,,,,,,,,
cm7258zyb003fu64ggxrpcodl,Shri Pawan Tiwari,shri.pawan.tiwari.mdep@up.gov.in,DEPARTMENT_HEAD,MID,Agra,शिक्षा विभाग,Department Head,,cm7258zo8002ou64g8c7dmdjq,0562-XXX-XXXX,"Office Address, Agra",2025-02-12 16:47:16.739,2025-02-12 16:48:40.786,true,,,,,,,,,,
cm7258zyo003gu64g552fl4vt,Shri Manoj Sharma,shri.manoj.sharma.mdep@up.gov.in,DEPARTMENT_HEAD,MID,Kanpur,Employment Department,Department Head,,cm7258zo8002ou64g8c7dmdjq,0512-XXX-XXXX,"Office Address, Kanpur",2025-02-12 16:47:16.752,2025-02-12 16:48:40.797,true,,,,,,,,,,
cm7258zyy003hu64gmam80vrt,Shri Dinesh Gupta,shri.dinesh.gupta.mdep@up.gov.in,DEPARTMENT_HEAD,MID,Lucknow,Consumer Affairs Department,Department Head,,cm7258zo8002ou64g8c7dmdjq,0522-XXX-XXXX,"Office Address, Lucknow",2025-02-12 16:47:16.763,2025-02-12 16:48:40.819,true,,,,,,,,,,
cm7258zzb003iu64gyzplakt3,Shri Arun Verma,shri.arun.verma.mdep@up.gov.in,DEPARTMENT_HEAD,MID,Prayagraj,Food and Civil Supplies Department,Department Head,,cm7258zo8002ou64g8c7dmdjq,0532-XXX-XXXX,"Office Address, Prayagraj",2025-02-12 16:47:16.775,2025-02-12 16:48:40.832,true,,,,,,,,,,
cm7258zzr003ju64ga3aofb6p,Shri Sandeep Yadav,shri.sandeep.yadav.mdep@up.gov.in,DEPARTMENT_HEAD,MID,Noida,Energy Department,Department Head,,cm7258zo8002ou64g8c7dmdjq,0120-XXX-XXXX,"Office Address, Noida",2025-02-12 16:47:16.792,2025-02-12 16:48:40.846,true,,,,,,,,,,
cm7259003003ku64glu1yojkf,Shri Vikas Chauhan,shri.vikas.chauhan.mdep@up.gov.in,DEPARTMENT_HEAD,MID,Lucknow,Finance Department,Department Head,,cm7258zo8002ou64g8c7dmdjq,0522-XXX-XXXX,"Office Address, Lucknow",2025-02-12 16:47:16.803,2025-02-12 16:48:40.864,true,,,,,,,,,,
cm725900h003lu64gayhym6fq,Shri Surendra Pathak,shri.surendra.pathak.mdep@up.gov.in,DEPARTMENT_HEAD,MID,Varanasi,Traffic Department,Department Head,,cm7258zo8002ou64g8c7dmdjq,0542-XXX-XXXX,"Office Address, Varanasi",2025-02-12 16:47:16.817,2025-02-12 16:48:40.875,true,,,,,,,,,,
cm725900p003mu64gt3kgxkln,Shri Nirmal Tiwari,shri.nirmal.tiwari.mdep@up.gov.in,DEPARTMENT_HEAD,MID,Lucknow,Flood Control Department,Department Head,,cm7258zo8002ou64g8c7dmdjq,0522-XXX-XXXX,"Office Address, Lucknow",2025-02-12 16:47:16.826,2025-02-12 16:48:40.886,true,,,,,,,,,,
cm725901b003ou64gox1hjcst,Shri Anil Bansal,shri.anil.bansal.mdep@up.gov.in,DEPARTMENT_HEAD,MID,Agra,Anti-Corruption Department,Department Head,,cm7258zo8002ou64g8c7dmdjq,0562-XXX-XXXX,"Office Address, Agra",2025-02-12 16:47:16.848,2025-02-12 16:48:40.905,true,,,,,,,,,,
cm725901m003pu64gnsx714mw,Shri Yogesh Kumar,shri.yogesh.kumar.mdep@up.gov.in,DEPARTMENT_HEAD,MID,Lucknow,Street Lighting Department,Department Head,,cm7258zo8002ou64g8c7dmdjq,0522-XXX-XXXX,"Office Address, Lucknow",2025-02-12 16:47:16.858,2025-02-12 16:48:40.918,true,,,,,,,,,,
cm725901x003qu64gi8nu490s,Shri Prakash Yadav,shri.prakash.yadav.mdep@up.gov.in,DEPARTMENT_HEAD,MID,Noida,Environment Department,Department Head,,cm7258zo8002ou64g8c7dmdjq,0120-XXX-XXXX,"Office Address, Noida",2025-02-12 16:47:16.869,2025-02-12 16:48:40.933,true,,,,,,,,,,
cm7259027003ru64gahog4oi6,Shri Amit Sharma,shri.amit.sharma.mdep@up.gov.in,DEPARTMENT_HEAD,MID,Varanasi,Encroachment Control Department,Department Head,,cm7258zo8002ou64g8c7dmdjq,0542-XXX-XXXX,"Office Address, Varanasi",2025-02-12 16:47:16.879,2025-02-12 16:48:40.948,true,,,,,,,,,,
cm725902l003su64g0kdo1dm5,Shri Subhash Gupta,shri.subhash.gupta.mdep@up.gov.in,DEPARTMENT_HEAD,MID,Lucknow,Internet Services Department,Department Head,,cm7258zo8002ou64g8c7dmdjq,0522-XXX-XXXX,"Office Address, Lucknow",2025-02-12 16:47:16.893,2025-02-12 16:48:40.961,true,,,,,,,,,,
cm7259031003tu64g5zv80cw5,Shri Ajay Pandey,shri.ajay.pandey.mdep@up.gov.in,DEPARTMENT_HEAD,MID,Kanpur,Parks and Recreation Department,Department Head,,cm7258zo8002ou64g8c7dmdjq,0512-XXX-XXXX,"Office Address, Kanpur",2025-02-12 16:47:16.908,2025-02-12 16:48:40.973,true,,,,,,,,,,
cm725903g003uu64g4vjrhe23,Shri Arvind Tiwari,shri.arvind.tiwari.mdep@up.gov.in,DEPARTMENT_HEAD,MID,Agra,Price Control Department,Department Head,,cm7258zo8002ou64g8c7dmdjq,0562-XXX-XXXX,"Office Address, Agra",2025-02-12 16:47:16.924,2025-02-12 16:48:40.988,true,,,,,,,,,,
cm725903q003vu64gz54a56bf,Shri Dharmendra Singh,shri.dharmendra.singh.mdep@up.gov.in,DEPARTMENT_HEAD,MID,Lucknow,Agriculture Department,Department Head,,cm7258zo8002ou64g8c7dmdjq,0522-XXX-XXXX,"Office Address, Lucknow",2025-02-12 16:47:16.935,2025-02-12 16:48:41,true,,,,,,,,,,
cm72590700042u64gxxcypidp,Shri Vikram Singh,shri.vikram.singh.mdep@up.gov.in,DEPARTMENT_HEAD,MID,Lucknow,UP Power Corporation,Department Head,,cm7258zo8002ou64g8c7dmdjq,0522-XXX-XXXX,"Office Address, Lucknow",2025-02-12 16:47:17.052,2025-02-12 16:48:41.016,true,,,,,,,,,,
cm725907e0043u64g7we8lv4z,Shri Sandeep Chauhan,shri.sandeep.chauhan.mdep@up.gov.in,DEPARTMENT_HEAD,MID,Kanpur,Public Services Department,Department Head,,cm7258zo8002ou64g8c7dmdjq,0512-XXX-XXXX,"Office Address, Kanpur",2025-02-12 16:47:17.066,2025-02-12 16:48:41.031,true,,,,,,,,,,
cm725907r0044u64gq9o6h80z,Shri Rahul Yadav,shri.rahul.yadav.mdep@up.gov.in,DEPARTMENT_HEAD,MID,Varanasi,Disaster Management Department,Department Head,,cm7258zo8002ou64g8c7dmdjq,0542-XXX-XXXX,"Office Address, Varanasi",2025-02-12 16:47:17.08,2025-02-12 16:48:41.042,true,,,,,,,,,,
cm72590810045u64gcp49urs7,Shri Ashish Sharma,shri.ashish.sharma.mdep@up.gov.in,DEPARTMENT_HEAD,MID,Lucknow,Pollution Control Department,Department Head,,cm7258zo8002ou64g8c7dmdjq,0522-XXX-XXXX,"Office Address, Lucknow",2025-02-12 16:47:17.089,2025-02-12 16:48:41.055,true,,,,,,,,,,