id,departmentName,description,timestamp,resourceId,authorityId,hierarchyLevel,headAuthorityId
cm725dfx50000u6h4y67rc83j,UP Jal Nigam,Department of UP Jal Nigam,2025-02-12 16:50:44.053,99,cm7258zpa002ru64gd0hooplx,MID,
cm725dg0e0001u6h4by5yx0yk,UP Power Corporation Ltd.,Department of UP Power Corporation Ltd.,2025-02-12 16:50:44.172,950,cm7258zpr002su64g8zkuxzgw,MID,
cm725dg1z0002u6h4amagnkym,Municipal Corporation,Department of Municipal Corporation,2025-02-12 16:50:44.229,361,cm7258zq6002tu64gipf8t8b6,MID,
cm725dg3k0003u6h4e8f3kb9h,Public Works Department,Department of Public Works Department,2025-02-12 16:50:44.284,48,cm7258zgd0023u64ghmpek1vu,MID,
cm725dg560004u6h4g36ue2gh,State Transport Department,Department of State Transport Department,2025-02-12 16:50:44.344,515,cm7258zqy002vu64g5guex098,MID,
cm725dg6o0005u6h4jkjbkawz,Health Department,Department of Health Department,2025-02-12 16:50:44.398,264,cm7258zrc002wu64gwjclntdz,MID,
cm725dg830006u6h44jyrjmcn,Police Department,Department of Police Department,2025-02-12 16:50:44.448,543,cm7258zrp002xu64gaexu8api,MID,
cm725dg9j0007u6h4tzh2udh2,Education Department,Department of Education Department,2025-02-12 16:50:44.501,223,cm7258zs8002yu64gkyzuii00,MID,
cm725dgaz0008u6h4o1r9mtq7,Water Supply Department,Department of Water Supply Department,2025-02-12 16:50:44.554,367,cm7258zsn002zu64g6uiqpez4,MID,
cm725dgc70009u6h4pqcjyeb5,Electricity Department,Department of Electricity Department,2025-02-12 16:50:44.598,718,cm7258zsz0030u64gfqx73pkd,MID,
cm725dgdh000au6h4fagm9twc,Sanitation Department,Department of Sanitation Department,2025-02-12 16:50:44.644,430,cm7258zta0031u64guz3608mn,MID,
cm725dgfe000bu6h40byv631f,UP Police Department,Department of UP Police Department,2025-02-12 16:50:44.713,134,cm7258ztm0032u64gg3lumcc3,MID,
cm725dggi000cu6h4gbmwutvf,Transport Department,Department of Transport Department,2025-02-12 16:50:44.753,330,cm7258zhb0026u64g7thba04h,MID,
cm725dghl000du6h43wv647un,Traffic Police Department,Department of Traffic Police Department,2025-02-12 16:50:44.792,795,cm7258zu80034u64gzkicj7tb,MID,
cm725dgiu000eu6h40hxar6vi,Anti-Corruption Bureau,Department of Anti-Corruption Bureau,2025-02-12 16:50:44.836,538,cm7258zum0035u64gmg0nski9,MID,
cm725dgk6000fu6h4bwj5qyj4,Urban Development Department,Department of Urban Development Department,2025-02-12 16:50:44.884,454,cm7258zhn0027u64gnbo3i4r9,MID,
cm725dgli000gu6h4ldtj08z8,Water Quality Department,Department of Water Quality Department,2025-02-12 16:50:44.931,880,cm7258zv60037u64gf5lkusmj,MID,
cm725dgpg000ru6h4pja8ts0a,स्वास्थ्य विभाग,Department of स्वास्थ्य विभाग,2025-02-12 16:50:45.075,795,cm7258zxr003du64gsxx2fp0t,MID,
cm725dgqu000su6h4g27ffdzk,पुलिस विभाग,Department of पुलिस विभाग,2025-02-12 16:50:45.123,668,cm7258zy2003eu64gjdmo96k0,MID,
cm725dgse000tu6h4upm5zpn9,शिक्षा विभाग,Department of शिक्षा विभाग,2025-02-12 16:50:45.179,489,cm7258zyb003fu64ggxrpcodl,MID,
cm725dgto000uu6h4jaf7uft4,Employment Department,Department of Employment Department,2025-02-12 16:50:45.227,583,cm7258zyo003gu64g552fl4vt,MID,
cm725dgv4000vu6h4pyaidp0c,Consumer Affairs Department,Department of Consumer Affairs Department,2025-02-12 16:50:45.276,582,cm7258zyy003hu64gmam80vrt,MID,
cm725dgwf000wu6h4xx4n22q9,Food and Civil Supplies Department,Department of Food and Civil Supplies Department,2025-02-12 16:50:45.325,7,cm7258zzb003iu64gyzplakt3,MID,
cm725dgxt000xu6h4670vuanc,Energy Department,Department of Energy Department,2025-02-12 16:50:45.374,310,cm7258zzr003ju64ga3aofb6p,MID,
cm725dgzm000yu6h4ywfzbf9r,Finance Department,Department of Finance Department,2025-02-12 16:50:45.441,445,cm7259003003ku64glu1yojkf,MID,
cm725dh1e000zu6h4sxki18bd,Traffic Department,Department of Traffic Department,2025-02-12 16:50:45.504,738,cm725900h003lu64gayhym6fq,MID,
cm725dh2l0010u6h4vffjc33n,Flood Control Department,Department of Flood Control Department,2025-02-12 16:50:45.548,356,cm725900p003mu64gt3kgxkln,MID,
cm725dh400011u6h42dk827m2,Road Safety Department,Department of Road Safety Department,2025-02-12 16:50:45.598,35,cm7258zux0036u64gck1e5544,MID,
cm725dh5e0012u6h479zkreaz,Anti-Corruption Department,Department of Anti-Corruption Department,2025-02-12 16:50:45.648,504,cm725901b003ou64gox1hjcst,MID,
cm725dh6r0013u6h41cjnqq28,Street Lighting Department,Department of Street Lighting Department,2025-02-12 16:50:45.698,221,cm725901m003pu64gnsx714mw,MID,
cm725dh7z0014u6h48f1o32jf,Environment Department,Department of Environment Department,2025-02-12 16:50:45.741,753,cm725901x003qu64gi8nu490s,MID,
cm725dh9h0015u6h4t5wwsnen,Encroachment Control Department,Department of Encroachment Control Department,2025-02-12 16:50:45.796,451,cm7259027003ru64gahog4oi6,MID,
cm725dhax0016u6h4hi9y0qoy,Internet Services Department,Department of Internet Services Department,2025-02-12 16:50:45.847,513,cm725902l003su64g0kdo1dm5,MID,
cm725dhc90017u6h4pclrf51x,Parks and Recreation Department,Department of Parks and Recreation Department,2025-02-12 16:50:45.894,633,cm7259031003tu64g5zv80cw5,MID,
cm725dhdq0018u6h47pt3qkl8,Price Control Department,Department of Price Control Department,2025-02-12 16:50:45.949,20,cm725903g003uu64g4vjrhe23,MID,
cm725dhf50019u6h4doj7u8um,Agriculture Department,Department of Agriculture Department,2025-02-12 16:50:45.998,158,cm725903q003vu64gz54a56bf,MID,
cm725dhjp001ku6h46h56cs13,प्रशासन विभाग,Department of प्रशासन विभाग,2025-02-12 16:50:46.164,329,cm7258zvn0038u64ghsgoxy3j,MID,
cm725dhlg001lu6h4i24bf51k,UP Power Corporation,Department of UP Power Corporation,2025-02-12 16:50:46.226,296,cm72590700042u64gxxcypidp,MID,
cm725dhmz001mu6h4g3gzaxyy,Public Services Department,Department of Public Services Department,2025-02-12 16:50:46.282,784,cm725907e0043u64g7we8lv4z,MID,
cm725dhob001nu6h4w6prlf4d,Disaster Management Department,Department of Disaster Management Department,2025-02-12 16:50:46.33,345,cm725907r0044u64gq9o6h80z,MID,
cm725dhpn001ou6h45jky4k04,Pollution Control Department,Department of Pollution Control Department,2025-02-12 16:50:46.378,249,cm72590810045u64gcp49urs7,MID,
cm725fl4x00hcu6o4h39z4fls,,"Department of ",2025-02-12 16:52:24.127,xrrjwe,cm7258yuf000gu64gokr3oqbz,DEPARTMENT,
cm725gc6s00vvu6o4m8511wwo,UP जल निगम,Department of UP जल निगम,2025-02-12 16:52:59.187,v7lkzj,cm7258yuf000gu64gokr3oqbz,DEPARTMENT,
cm725gcbm00vyu6o4yu0n0zas,UP पावर कॉरपोरेशन लिमिटेड,Department of UP पावर कॉरपोरेशन लिमिटेड,2025-02-12 16:52:59.36,iditua,cm7258yuf000gu64gokr3oqbz,DEPARTMENT,
cm725gcgx00w1u6o446wznswt,नगर निगम,Department of नगर निगम,2025-02-12 16:52:59.551,l7yd1,cm7258yuf000gu64gokr3oqbz,DEPARTMENT,
cm725gclc00w4u6o4et9hcbjz,लोक निर्माण विभाग,Department of लोक निर्माण विभाग,2025-02-12 16:52:59.711,00n88k,cm7258yuf000gu64gokr3oqbz,DEPARTMENT,
cm725gcpm00w7u6o4lor42o0u,परिवहन विभाग,Department of परिवहन विभाग,2025-02-12 16:52:59.863,diuprn,cm7258yuf000gu64gokr3oqbz,DEPARTMENT,
cm725hp1x01owu6o46gwd8ibx,जल विभाग,Department of जल विभाग,2025-02-12 16:54:02.515,j1f58v,cm7258yuf000gu64gokr3oqbz,DEPARTMENT,
cm725hplz01p5u6o4lsir0e48,नगर विकास विभाग,Department of नगर विकास विभाग,2025-02-12 16:54:03.238,vyshg,cm7258yuf000gu64gokr3oqbz,DEPARTMENT,
cm725hps101p8u6o4kbt5hwdn,यातायात विभाग,Department of यातायात विभाग,2025-02-12 16:54:03.456,wwsq2v,cm7258yuf000gu64gokr3oqbz,DEPARTMENT,
cm725hqa701phu6o42i2gr7zg,बिजली विभाग,Department of बिजली विभाग,2025-02-12 16:54:04.109,hisxco,cm7258yuf000gu64gokr3oqbz,DEPARTMENT,
cm725hqjh01pou6o4hn0kliog,पर्यावरण विभाग,Department of पर्यावरण विभाग,2025-02-12 16:54:04.444,rimsze,cm7258yuf000gu64gokr3oqbz,DEPARTMENT,