id,email,name,age,gender,address,departmentId,rank,dateAssigned,contactNumber,aadharNumber,qualification,specialization
cm725dkd50000u6t43iv0fgi8,rajesh.verma902@gmail.com,Rajesh Verma,56,Male,"undefined, undefined, undefined, undefined, undefined, undefined, undefined",cm725dfx50000u6h4y67rc83j,Assistant Officer,2020-12-01 18:30:00,9722021850,9650 8649 2811,PhD,Urban Planning
cm725dkdv0001u6t4xwyh64xl,sita.devi409@gmail.com,Sita Devi,28,Male,"undefined, undefined, undefined, undefined, undefined, undefined, undefined",cm725dfx50000u6h4y67rc83j,Executive Officer,2019-06-23 18:30:00,9774717251,4449 175 7277,BTech,Infrastructure Management
cm725dke50002u6t4zvbc5bsi,sunil.yadav851@gmail.com,Sunil Yadav,25,Male,"undefined, undefined, undefined, undefined, undefined, undefined, undefined",cm725dfx50000u6h4y67rc83j,Deputy Officer,2023-03-13 18:30:00,9178386755,4834 13 6449,BTech,Environmental Engineering
cm725dkeg0003u6t47li38mbn,vikram.choudhary910@gmail.com,Vikram Choudhary,47,Male,"undefined, undefined, undefined, undefined, undefined, undefined, undefined",cm725dfx50000u6h4y67rc83j,Senior Officer,2018-10-19 18:30:00,9233680516,1793 5118 5774,MSc,Public Administration
cm725dkeo0004u6t44gq5xr1d,vikas.yadav278@gmail.com,Vikas Yadav,43,Male,"undefined, undefined, undefined, undefined, undefined, undefined, undefined",cm725dfx50000u6h4y67rc83j,Junior Officer,2021-03-22 18:30:00,9727821030,489 3917 8043,BTech,Infrastructure Management
cm725dkf00005u6t4jpnonp6s,rahul.sharma62@gmail.com,Rahul Sharma,42,Female,"undefined, undefined, undefined, undefined, undefined, undefined, undefined",cm725dfx50000u6h4y67rc83j,Chief Officer,2023-11-17 18:30:00,9532182310,8586 7680 9239,MSc,Public Administration
cm725dkfe0006u6t4sia38plx,ashok.kumar420@gmail.com,Ashok Kumar,42,Male,"undefined, undefined, undefined, undefined, undefined, undefined, undefined",cm725dfx50000u6h4y67rc83j,Head Officer,2021-12-08 18:30:00,9269383421,1314 8701 4385,PhD,Urban Planning
cm725dkfs0007u6t4i2ud2s93,shalini.mishra419@gmail.com,Shalini Mishra,59,Male,"undefined, undefined, undefined, undefined, undefined, undefined, undefined",cm725dg0e0001u6h4by5yx0yk,Executive Officer,2019-01-07 18:30:00,9762370531,5892 230 8473,BTech,Infrastructure Management
cm725dkg70008u6t4g0thrc41,savitri.singh426@gmail.com,Savitri Singh,37,Male,"undefined, undefined, undefined, undefined, undefined, undefined, undefined",cm725dg0e0001u6h4by5yx0yk,Assistant Officer,2018-04-26 18:30:00,9206631845,7537 6180 7224,PhD,Urban Planning
cm725dkgm0009u6t40mcuj47x,pooja.sharma644@gmail.com,Pooja Sharma,45,Female,"undefined, undefined, undefined, undefined, undefined, undefined, undefined",cm725dg0e0001u6h4by5yx0yk,Deputy Officer,2021-09-01 18:30:00,9579859994,409 553 1043,MTech,Civil Engineering
cm725dkh1000au6t42n3ractp,ashok.kumar306@gmail.com,Ashok Kumar,37,Female,"undefined, undefined, undefined, undefined, undefined, undefined, undefined",cm725dg0e0001u6h4by5yx0yk,Head Officer,2024-12-21 18:30:00,9434579408,9091 4931 1855,MTech,Civil Engineering
cm725dkhl000bu6t4lfn817nv,amit.verma786@gmail.com,Amit Verma,52,Male,"undefined, undefined, undefined, undefined, undefined, undefined, undefined",cm725dg0e0001u6h4by5yx0yk,Senior Officer,2024-08-07 18:30:00,9538459704,2115 5600 2899,BTech,Environmental Engineering
cm725dkic000cu6t4cvwvqi4f,rahul.verma584@gmail.com,Rahul Verma,50,Female,"undefined, undefined, undefined, undefined, undefined, undefined, undefined",cm725dg0e0001u6h4by5yx0yk,Junior Officer,2019-10-11 18:30:00,9656445384,7396 2602 9746,BTech,Infrastructure Management
cm725dkio000du6t4mng3kgv6,pankaj.verma182@gmail.com,Pankaj Verma,29,Female,"undefined, undefined, undefined, undefined, undefined, undefined, undefined",cm725dg0e0001u6h4by5yx0yk,Associate Officer,2021-06-02 18:30:00,9353469620,133 8733 9026,BTech,Environmental Engineering
cm725dkix000eu6t4z2pgcr8d,manoj.mishra284@gmail.com,Manoj Mishra,47,Female,"undefined, undefined, undefined, undefined, undefined, undefined, undefined",cm725dg1z0002u6h4amagnkym,Junior Officer,2021-04-30 18:30:00,9962316713,736 2951 9327,BTech,Environmental Engineering
cm725dkjb000fu6t4crz47mug,laxmi.devi745@gmail.com,Laxmi Devi,26,Male,"undefined, undefined, undefined, undefined, undefined, undefined, undefined",cm725dg1z0002u6h4amagnkym,Associate Officer,2022-09-29 18:30:00,9753504048,4242 7837 3343,MSc,Public Administration
cm725dkjq000gu6t4yx1i6o64,vikram.verma635@gmail.com,Vikram Verma,54,Male,"undefined, undefined, undefined, undefined, undefined, undefined, undefined",cm725dg1z0002u6h4amagnkym,Head Officer,2023-08-02 18:30:00,9230159105,3875 102 399,BTech,Infrastructure Management
cm725dkk2000hu6t4zh71olfn,laxmi.patel775@gmail.com,Laxmi Patel,37,Male,"undefined, undefined, undefined, undefined, undefined, undefined, undefined",cm725dg1z0002u6h4amagnkym,Executive Officer,2021-12-08 18:30:00,9828788334,211 613 3515,PhD,Urban Planning
cm725dkke000iu6t4dmgm9dxm,sudhir.kapoor413@gmail.com,Sudhir Kapoor,54,Male,"undefined, undefined, undefined, undefined, undefined, undefined, undefined",cm725dg1z0002u6h4amagnkym,Senior Officer,2020-08-14 18:30:00,9831664071,5564 3255 1825,MTech,Civil Engineering
cm725dkko000ju6t4pyobv7dw,सुधा.देवी734@gmail.com,सुधा देवी,39,Male,"undefined, undefined, undefined, undefined, undefined, undefined, undefined",cm725dg1z0002u6h4amagnkym,Chief Officer,2018-04-16 18:30:00,9259837934,2541 3195 1035,BTech,Infrastructure Management
cm725dkky000ku6t490g5bl9u,प्रकाश.वर्मा269@gmail.com,प्रकाश वर्मा,36,Male,"undefined, undefined, undefined, undefined, undefined, undefined, undefined",cm725dg1z0002u6h4amagnkym,Assistant Officer,2018-07-16 18:30:00,9915238854,4832 2484 4413,PhD,Urban Planning
cm725dkl6000lu6t48jmd69z4,sunita.devi532@gmail.com,Sunita Devi,49,Male,"undefined, undefined, undefined, undefined, undefined, undefined, undefined",cm725dg3k0003u6h4e8f3kb9h,Junior Officer,2023-10-04 18:30:00,9100571031,452 4659 3404,BTech,Infrastructure Management
cm725dklf000mu6t4vy5bi4ov,मनोज.मिश्रा471@gmail.com,मनोज मिश्रा,44,Male,"undefined, undefined, undefined, undefined, undefined, undefined, undefined",cm725dg3k0003u6h4e8f3kb9h,Executive Officer,2019-10-17 18:30:00,9679521537,1799 9458 5250,BTech,Environmental Engineering
cm725dklo000nu6t45510ihsh,mahesh.yadav954@gmail.com,Mahesh Yadav,59,Male,"undefined, undefined, undefined, undefined, undefined, undefined, undefined",cm725dg3k0003u6h4e8f3kb9h,Technical Officer,2023-12-22 18:30:00,9821080086,5662 8814 2096,PhD,Urban Planning
cm725dklw000ou6t42wuz36zu,sarika.rai699@gmail.com,Sarika Rai,36,Male,"undefined, undefined, undefined, undefined, undefined, undefined, undefined",cm725dg3k0003u6h4e8f3kb9h,Principal Officer,2020-05-04 18:30:00,9533382640,5598 5683 7186,PhD,Urban Planning
cm725dkm5000pu6t4zudnlm65,ब्रह्म.सिंह635@gmail.com,ब्रह्म सिंह,45,Male,"undefined, undefined, undefined, undefined, undefined, undefined, undefined",cm725dg3k0003u6h4e8f3kb9h,Associate Officer,2022-02-23 18:30:00,9174593559,819 6066 986,BTech,Infrastructure Management
cm725dkml000qu6t47ski63iz,सुरेश.चौधरी122@gmail.com,सुरेश चौधरी,40,Male,"undefined, undefined, undefined, undefined, undefined, undefined, undefined",cm725dg3k0003u6h4e8f3kb9h,Chief Officer,2024-12-02 18:30:00,9684344563,1223 8693 5766,BTech,Environmental Engineering
cm725dkmx000ru6t4x4osmux7,arvind.verma874@gmail.com,Arvind Verma,41,Female,"undefined, undefined, undefined, undefined, undefined, undefined, undefined",cm725dg3k0003u6h4e8f3kb9h,Head Officer,2019-05-21 18:30:00,9123743600,3735 6005 1736,PhD,Urban Planning
cm725dkn7000su6t4ivin9j41,anjali.das112@gmail.com,Anjali Das,27,Male,"undefined, undefined, undefined, undefined, undefined, undefined, undefined",cm725dg560004u6h4g36ue2gh,Head Officer,2024-05-22 18:30:00,9249110407,1290 9451 8602,PhD,Urban Planning
cm725dknh000tu6t4nm1cxgj6,rahul.verma814@gmail.com,Rahul Verma,35,Male,"undefined, undefined, undefined, undefined, undefined, undefined, undefined",cm725dg560004u6h4g36ue2gh,Assistant Officer,2021-10-15 18:30:00,9970270233,3029 358 6054,MSc,Public Administration
cm725dknq000uu6t4smo0xfsc,rekha.devi31@gmail.com,Rekha Devi,55,Male,"undefined, undefined, undefined, undefined, undefined, undefined, undefined",cm725dg560004u6h4g36ue2gh,Principal Officer,2021-09-13 18:30:00,9801010247,5467 7991 4343,BTech,Infrastructure Management
cm725dknx000vu6t48ymxaknt,geeta.verma257@gmail.com,Geeta Verma,36,Male,"undefined, undefined, undefined, undefined, undefined, undefined, undefined",cm725dg560004u6h4g36ue2gh,Deputy Officer,2021-12-26 18:30:00,9405749090,9455 3882 6616,PhD,Urban Planning
cm725dko6000wu6t4qiot127o,प्रियंका.यादव781@gmail.com,प्रियंका यादव,53,Male,"undefined, undefined, undefined, undefined, undefined, undefined, undefined",cm725dg560004u6h4g36ue2gh,Senior Officer,2018-11-03 18:30:00,9637806936,463 7331 3597,BTech,Environmental Engineering
cm725dkog000xu6t4lbztcm55,priya.singh931@gmail.com,Priya Singh,28,Female,"undefined, undefined, undefined, undefined, undefined, undefined, undefined",cm725dg560004u6h4g36ue2gh,Junior Officer,2021-02-06 18:30:00,9303245050,1964 3828 7507,BTech,Environmental Engineering
cm725dkoq000yu6t4mrix5qdz,nisha.pandey399@gmail.com,Nisha Pandey,44,Male,"undefined, undefined, undefined, undefined, undefined, undefined, undefined",cm725dg560004u6h4g36ue2gh,Chief Officer,2023-12-07 18:30:00,9942826306,4099 1355 2706,MTech,Civil Engineering
cm725dkp1000zu6t4ilcm22wy,mohan.singh167@gmail.com,Mohan Singh,46,Male,"undefined, undefined, undefined, undefined, undefined, undefined, undefined",cm725dg6o0005u6h4jkjbkawz,Junior Officer,2018-01-24 18:30:00,9986595395,7938 7425 1936,MSc,Public Administration
cm725dkpa0010u6t4mwe3w5mx,रूपा.देवी701@gmail.com,रूपा देवी,37,Female,"undefined, undefined, undefined, undefined, undefined, undefined, undefined",cm725dg6o0005u6h4jkjbkawz,Senior Officer,2022-12-19 18:30:00,9602635487,5983 1926 8128,BTech,Infrastructure Management
cm725dkpi0011u6t41ph49nhh,bharat.kumar344@gmail.com,Bharat Kumar,32,Male,"undefined, undefined, undefined, undefined, undefined, undefined, undefined",cm725dg6o0005u6h4jkjbkawz,Technical Officer,2021-10-30 18:30:00,9112684697,9330 3992 5057,BTech,Infrastructure Management
cm725dkpu0012u6t4s0rfqsji,anjali.kumari518@gmail.com,Anjali Kumari,45,Male,"undefined, undefined, undefined, undefined, undefined, undefined, undefined",cm725dg6o0005u6h4jkjbkawz,Head Officer,2019-08-14 18:30:00,9978134262,7324 9578 5895,PhD,Urban Planning
cm725dkq80013u6t4pri5wnix,kajal.yadav989@gmail.com,Kajal Yadav,45,Male,"undefined, undefined, undefined, undefined, undefined, undefined, undefined",cm725dg6o0005u6h4jkjbkawz,Associate Officer,2018-12-09 18:30:00,9362148262,3091 2815 7633,MTech,Civil Engineering
cm725dkqh0014u6t4kqkeenj0,रेखा.यादव216@gmail.com,रेखा यादव,55,Male,"undefined, undefined, undefined, undefined, undefined, undefined, undefined",cm725dg6o0005u6h4jkjbkawz,Assistant Officer,2021-02-03 18:30:00,9425898716,8698 865 7227,BTech,Environmental Engineering
cm725dkqv0015u6t4wh366j2y,अमित.यादव742@gmail.com,अमित यादव,32,Male,"undefined, undefined, undefined, undefined, undefined, undefined, undefined",cm725dg6o0005u6h4jkjbkawz,Executive Officer,2018-06-01 18:30:00,9766287884,2909 3319 384,MSc,Public Administration
cm725dkr50016u6t4n8rdkjyj,vijay.verma756@gmail.com,Vijay Verma,37,Male,"undefined, undefined, undefined, undefined, undefined, undefined, undefined",cm725dg830006u6h44jyrjmcn,Technical Officer,2023-11-26 18:30:00,9793681967,1070 6205 6817,BTech,Environmental Engineering
cm725dkrf0017u6t4c540gd3p,sakshi.gupta249@gmail.com,Sakshi Gupta,52,Male,"undefined, undefined, undefined, undefined, undefined, undefined, undefined",cm725dg830006u6h44jyrjmcn,Assistant Officer,2024-04-07 18:30:00,9601088001,4944 1252 3764,PhD,Urban Planning
cm725dkro0018u6t4rx1yam6e,विनय.सिंह962@gmail.com,विनय सिंह,36,Male,"undefined, undefined, undefined, undefined, undefined, undefined, undefined",cm725dg830006u6h44jyrjmcn,Associate Officer,2024-06-08 18:30:00,9594660727,6129 4420 2777,BTech,Infrastructure Management
cm725dkrz0019u6t4w88zjszf,विनय.सिंह227@gmail.com,विनय सिंह,34,Male,"undefined, undefined, undefined, undefined, undefined, undefined, undefined",cm725dg830006u6h44jyrjmcn,Deputy Officer,2021-03-12 18:30:00,9623913505,1892 5026 5564,PhD,Urban Planning
cm725dks8001au6t4nca0dqk6,विशाल.चौधरी772@gmail.com,विशाल चौधरी,44,Female,"undefined, undefined, undefined, undefined, undefined, undefined, undefined",cm725dg830006u6h44jyrjmcn,Executive Officer,2020-05-04 18:30:00,9796038828,7072 6563 5304,MSc,Public Administration
cm725dksj001bu6t4tjdz1fng,shalini.gupta313@gmail.com,Shalini Gupta,59,Male,"undefined, undefined, undefined, undefined, undefined, undefined, undefined",cm725dg830006u6h44jyrjmcn,Senior Officer,2018-06-29 18:30:00,9666625158,2805 5128 1743,BTech,Infrastructure Management
cm725dksr001cu6t43tvzo8z8,suman.lata176@gmail.com,Suman Lata,47,Male,"undefined, undefined, undefined, undefined, undefined, undefined, undefined",cm725dg830006u6h44jyrjmcn,Junior Officer,2021-08-10 18:30:00,9684537576,7440 6144 7604,BTech,Environmental Engineering
cm725dkt0001du6t40gegm85p,राहुल.तिवारी589@gmail.com,राहुल तिवारी,40,Female,"undefined, undefined, undefined, undefined, undefined, undefined, undefined",cm725dg9j0007u6h4tzh2udh2,Chief Officer,2020-11-23 18:30:00,9245877889,8332 4049 1951,MSc,Public Administration
cm725dktb001eu6t43phcbhwp,ruchi.gupta515@gmail.com,Ruchi Gupta,27,Male,"undefined, undefined, undefined, undefined, undefined, undefined, undefined",cm725dg9j0007u6h4tzh2udh2,Technical Officer,2020-01-10 18:30:00,9267440541,4059 9792 7684,MTech,Civil Engineering
cm725dktk001fu6t4s4ey2wfe,rahul.saini742@gmail.com,Rahul Saini,58,Female,"undefined, undefined, undefined, undefined, undefined, undefined, undefined",cm725dg9j0007u6h4tzh2udh2,Junior Officer,2018-07-13 18:30:00,9250990304,8096 7198 8453,MTech,Civil Engineering
cm725dkts001gu6t4fq5awgjx,soniya.rani669@gmail.com,Soniya Rani,58,Male,"undefined, undefined, undefined, undefined, undefined, undefined, undefined",cm725dg9j0007u6h4tzh2udh2,Head Officer,2019-09-19 18:30:00,9306088360,2022 1393 7069,BTech,Environmental Engineering
cm725dku9001hu6t4n182d1o6,arun.kumar838@gmail.com,Arun Kumar,53,Male,"undefined, undefined, undefined, undefined, undefined, undefined, undefined",cm725dg9j0007u6h4tzh2udh2,Senior Officer,2018-07-18 18:30:00,9699556410,3838 5205 5133,PhD,Urban Planning
cm725dkuk001iu6t4hvvog9z8,साक्षी.गुप्ता290@gmail.com,साक्षी गुप्ता,37,Male,"undefined, undefined, undefined, undefined, undefined, undefined, undefined",cm725dg9j0007u6h4tzh2udh2,Executive Officer,2022-11-12 18:30:00,9718490251,896 8705 4420,PhD,Urban Planning
cm725dkuw001ju6t4rl6czeg2,pooja.verma607@gmail.com,Pooja Verma,54,Male,"undefined, undefined, undefined, undefined, undefined, undefined, undefined",cm725dg9j0007u6h4tzh2udh2,Assistant Officer,2020-04-10 18:30:00,9148704655,5731 7220 5397,PhD,Urban Planning
cm725dkvc001ku6t4g81kwyg6,shalini.rani263@gmail.com,Shalini Rani,27,Male,"undefined, undefined, undefined, undefined, undefined, undefined, undefined",cm725dgaz0008u6h4o1r9mtq7,Junior Officer,2022-02-04 18:30:00,9864626043,9346 3187 8054,BTech,Infrastructure Management
cm725dkvo001lu6t4dmewh337,shivendra.yadav34@gmail.com,Shivendra Yadav,59,Female,"undefined, undefined, undefined, undefined, undefined, undefined, undefined",cm725dgaz0008u6h4o1r9mtq7,Senior Officer,2024-09-11 18:30:00,9540740533,9313 4636 9802,MSc,Public Administration
cm725dkvy001mu6t40bt5d4w6,deepak.yadav666@gmail.com,Deepak Yadav,34,Female,"undefined, undefined, undefined, undefined, undefined, undefined, undefined",cm725dgaz0008u6h4o1r9mtq7,Head Officer,2023-08-05 18:30:00,9323247169,3069 7601 8267,MTech,Civil Engineering
cm725dkw6001nu6t4byaarkg2,rajesh.kumar241@gmail.com,Rajesh Kumar,35,Male,"undefined, undefined, undefined, undefined, undefined, undefined, undefined",cm725dgaz0008u6h4o1r9mtq7,Deputy Officer,2019-12-31 18:30:00,9862487405,3020 4178 3548,BTech,Infrastructure Management
cm725dkwg001ou6t4whn2bn45,deepak.tiwari619@gmail.com,Deepak Tiwari,42,Male,"undefined, undefined, undefined, undefined, undefined, undefined, undefined",cm725dgaz0008u6h4o1r9mtq7,Assistant Officer,2021-03-25 18:30:00,9241178390,7477 2297 6735,BTech,Infrastructure Management
cm725dkwv001pu6t4igrg7hfv,kunal.kumar560@gmail.com,Kunal Kumar,39,Female,"undefined, undefined, undefined, undefined, undefined, undefined, undefined",cm725dgaz0008u6h4o1r9mtq7,Chief Officer,2019-09-22 18:30:00,9849818791,677 8181 8536,MTech,Civil Engineering
cm725dkx6001qu6t4dcw4oglt,vivek.sharma990@gmail.com,Vivek Sharma,58,Male,"undefined, undefined, undefined, undefined, undefined, undefined, undefined",cm725dgaz0008u6h4o1r9mtq7,Executive Officer,2018-07-03 18:30:00,9239771160,1729 308 5624,BTech,Infrastructure Management
cm725dkxf001ru6t441lrhg8c,नमिता.पांडे786@gmail.com,नमिता पांडे,52,Female,"undefined, undefined, undefined, undefined, undefined, undefined, undefined",cm725dgc70009u6h4pqcjyeb5,Head Officer,2023-08-06 18:30:00,9590418391,4932 6033 4982,PhD,Urban Planning
cm725dkxr001su6t4h365fyor,rajat.yadav944@gmail.com,Rajat Yadav,44,Male,"undefined, undefined, undefined, undefined, undefined, undefined, undefined",cm725dgc70009u6h4pqcjyeb5,Executive Officer,2018-05-17 18:30:00,9576555298,5284 1537 3724,PhD,Urban Planning
cm725dky9001tu6t4sp7bdce0,sunil.tiwari871@gmail.com,Sunil Tiwari,48,Male,"undefined, undefined, undefined, undefined, undefined, undefined, undefined",cm725dgc70009u6h4pqcjyeb5,Technical Officer,2019-03-11 18:30:00,9537502382,8402 9607 3923,MSc,Public Administration
cm725dkyi001uu6t4jnrc7xvc,rina.devi865@gmail.com,Rina Devi,56,Male,"undefined, undefined, undefined, undefined, undefined, undefined, undefined",cm725dgc70009u6h4pqcjyeb5,Chief Officer,2024-02-29 18:30:00,9277766284,7766 3252 2892,PhD,Urban Planning
cm725dkyz001vu6t4ngb2r6de,ruchi.gupta846@gmail.com,Ruchi Gupta,56,Female,"undefined, undefined, undefined, undefined, undefined, undefined, undefined",cm725dgc70009u6h4pqcjyeb5,Associate Officer,2024-07-22 18:30:00,9967776971,4809 5029 1671,MTech,Civil Engineering
cm725dkz9001wu6t4plrqcbuh,नीलम.सिंह978@gmail.com,नीलम सिंह,29,Male,"undefined, undefined, undefined, undefined, undefined, undefined, undefined",cm725dgc70009u6h4pqcjyeb5,Junior Officer,2024-11-25 18:30:00,9545575342,6478 6886 4833,MTech,Civil Engineering
cm725dkzj001xu6t41f5eocxq,sunil.verma645@gmail.com,Sunil Verma,54,Female,"undefined, undefined, undefined, undefined, undefined, undefined, undefined",cm725dgc70009u6h4pqcjyeb5,Principal Officer,2021-02-02 18:30:00,9378874940,3134 8834 1532,BTech,Infrastructure Management
cm725dkzt001yu6t47ljxh5id,naveen.yadav58@gmail.com,Naveen Yadav,54,Female,"undefined, undefined, undefined, undefined, undefined, undefined, undefined",cm725dgdh000au6h4fagm9twc,Junior Officer,2024-12-22 18:30:00,9515443086,973 9598 6204,BTech,Environmental Engineering
cm725dl01001zu6t4ji1hnt4l,shyam.kumar967@gmail.com,Shyam Kumar,39,Male,"undefined, undefined, undefined, undefined, undefined, undefined, undefined",cm725dgdh000au6h4fagm9twc,Senior Officer,2021-09-25 18:30:00,9842692676,5464 6662 5173,PhD,Urban Planning
cm725dl0q0020u6t46nnsalfi,vijay.kumar574@gmail.com,Vijay Kumar,56,Male,"undefined, undefined, undefined, undefined, undefined, undefined, undefined",cm725dgdh000au6h4fagm9twc,Technical Officer,2024-04-02 18:30:00,9141850173,3614 5450 6905,BTech,Infrastructure Management
cm725dl100021u6t4w0nbn5gr,rohit.sharma56@gmail.com,Rohit Sharma,45,Male,"undefined, undefined, undefined, undefined, undefined, undefined, undefined",cm725dgdh000au6h4fagm9twc,Principal Officer,2020-10-21 18:30:00,9712841233,8104 4584 5381,MTech,Civil Engineering
cm725dl1a0022u6t4a1u0ji25,suman.singh794@gmail.com,Suman Singh,29,Male,"undefined, undefined, undefined, undefined, undefined, undefined, undefined",cm725dgdh000au6h4fagm9twc,Head Officer,2021-09-26 18:30:00,9617264604,7478 5309 2335,MSc,Public Administration
cm725dl1s0023u6t4gan6n54g,priya.sharma847@gmail.com,Priya Sharma,37,Female,"undefined, undefined, undefined, undefined, undefined, undefined, undefined",cm725dgdh000au6h4fagm9twc,Assistant Officer,2019-01-03 18:30:00,9228764775,2641 4365 4473,BTech,Environmental Engineering
cm725dl220024u6t4vwo2etd1,लक्ष्मी.यादव794@gmail.com,लक्ष्मी यादव,59,Female,"undefined, undefined, undefined, undefined, undefined, undefined, undefined",cm725dgdh000au6h4fagm9twc,Associate Officer,2020-07-13 18:30:00,9533375802,7456 1177 6868,MSc,Public Administration
cm725dl2c0025u6t4fwp3memd,रेणु.शर्मा433@gmail.com,रेणु शर्मा,30,Male,"undefined, undefined, undefined, undefined, undefined, undefined, undefined",cm725dgfe000bu6h40byv631f,Executive Officer,2021-12-31 18:30:00,9824275715,5853 2811 9992,BTech,Environmental Engineering
cm725dl2m0026u6t4qpoo328r,शिवानी.देवी657@gmail.com,शिवानी देवी,54,Male,"undefined, undefined, undefined, undefined, undefined, undefined, undefined",cm725dgfe000bu6h40byv631f,Principal Officer,2024-01-18 18:30:00,9523787759,298 6147 948,BTech,Environmental Engineering
cm725dl2v0027u6t48ecr7ag6,amit.jaiswal824@gmail.com,Amit Jaiswal,36,Male,"undefined, undefined, undefined, undefined, undefined, undefined, undefined",cm725dgfe000bu6h40byv631f,Chief Officer,2019-07-15 18:30:00,9366021663,4120 897 7197,BTech,Environmental Engineering
cm725dl3e0028u6t4or45htrr,सारिका.तिवारी882@gmail.com,सारिका तिवारी,41,Male,"undefined, undefined, undefined, undefined, undefined, undefined, undefined",cm725dgfe000bu6h40byv631f,Technical Officer,2022-12-23 18:30:00,9850850555,3669 7774 6801,MTech,Civil Engineering
cm725dl3q0029u6t4rf1wy7ws,rekha.yadav75@gmail.com,Rekha Yadav,47,Female,"undefined, undefined, undefined, undefined, undefined, undefined, undefined",cm725dgfe000bu6h40byv631f,Assistant Officer,2021-07-21 18:30:00,9293046716,6404 7099 9739,MSc,Public Administration
cm725dl3z002au6t431zjifo4,रामू.यादव80@gmail.com,रामू यादव,53,Female,"undefined, undefined, undefined, undefined, undefined, undefined, undefined",cm725dgfe000bu6h40byv631f,Associate Officer,2021-04-08 18:30:00,9656699506,1800 7354 8383,MTech,Civil Engineering
cm725dl4f002bu6t4lmbnseg4,meenal.sharma701@gmail.com,Meenal Sharma,44,Male,"undefined, undefined, undefined, undefined, undefined, undefined, undefined",cm725dgfe000bu6h40byv631f,Deputy Officer,2021-01-13 18:30:00,9601748360,1420 2507 6592,BTech,Environmental Engineering
cm725dl4o002cu6t4vn1o1jyd,राघव.सिंह836@gmail.com,राघव सिंह,50,Male,"undefined, undefined, undefined, undefined, undefined, undefined, undefined",cm725dggi000cu6h4gbmwutvf,Principal Officer,2021-05-25 18:30:00,9406244966,8839 1138 1445,BTech,Infrastructure Management
cm725dl4x002du6t4dx8hghbm,krishna.kumar987@gmail.com,Krishna Kumar,31,Male,"undefined, undefined, undefined, undefined, undefined, undefined, undefined",cm725dggi000cu6h4gbmwutvf,Deputy Officer,2021-09-13 18:30:00,9148632888,5027 5035 2154,PhD,Urban Planning
cm725dl59002eu6t4d943anfs,raj.kumar203@gmail.com,Raj Kumar,43,Male,"undefined, undefined, undefined, undefined, undefined, undefined, undefined",cm725dggi000cu6h4gbmwutvf,Executive Officer,2018-08-12 18:30:00,9661500961,9899 7682 1060,MTech,Civil Engineering
cm725dl5h002fu6t4e7yv3hoz,priyanka.verma703@gmail.com,Priyanka Verma,52,Male,"undefined, undefined, undefined, undefined, undefined, undefined, undefined",cm725dggi000cu6h4gbmwutvf,Technical Officer,2023-10-25 18:30:00,9992361882,2346 7524 485,MSc,Public Administration
cm725dl5p002gu6t4g1w5yhou,vikram.choudhary38@gmail.com,Vikram Choudhary,50,Male,"undefined, undefined, undefined, undefined, undefined, undefined, undefined",cm725dggi000cu6h4gbmwutvf,Junior Officer,2020-08-04 18:30:00,9435388086,6416 9743 6190,BTech,Infrastructure Management
cm725dl5x002hu6t41gjwjkfy,amit.sharma209@gmail.com,Amit Sharma,39,Male,"undefined, undefined, undefined, undefined, undefined, undefined, undefined",cm725dggi000cu6h4gbmwutvf,Chief Officer,2023-04-12 18:30:00,9485100301,8379 6254 4683,MTech,Civil Engineering
cm725dl6g002iu6t42vasy680,सुरेश.यादव659@gmail.com,सुरेश यादव,36,Male,"undefined, undefined, undefined, undefined, undefined, undefined, undefined",cm725dggi000cu6h4gbmwutvf,Associate Officer,2024-01-14 18:30:00,9751118455,973 7786 2130,BTech,Environmental Engineering
cm725dl6v002ju6t4eud9p6ci,vivek.sharma257@gmail.com,Vivek Sharma,33,Male,"undefined, undefined, undefined, undefined, undefined, undefined, undefined",cm725dghl000du6h43wv647un,Assistant Officer,2023-08-13 18:30:00,9676899498,9843 6963 9793,MSc,Public Administration
cm725dl73002ku6t49dvlhox0,rakesh.verma941@gmail.com,Rakesh Verma,45,Male,"undefined, undefined, undefined, undefined, undefined, undefined, undefined",cm725dghl000du6h43wv647un,Senior Officer,2022-02-19 18:30:00,9203035194,1264 8132 5076,BTech,Environmental Engineering
cm725dl7b002lu6t4uouixj1c,priti.kumari49@gmail.com,Priti Kumari,42,Male,"undefined, undefined, undefined, undefined, undefined, undefined, undefined",cm725dghl000du6h43wv647un,Principal Officer,2022-11-03 18:30:00,9263066494,6558 1776 6536,MTech,Civil Engineering
cm725dl7q002mu6t4kcoc5upx,rakesh.gupta341@gmail.com,Rakesh Gupta,52,Female,"undefined, undefined, undefined, undefined, undefined, undefined, undefined",cm725dghl000du6h43wv647un,Head Officer,2020-10-24 18:30:00,9724736763,5892 3399 224,BTech,Environmental Engineering
cm725dl85002nu6t4m97rsf4y,sanjay.tripathi394@gmail.com,Sanjay Tripathi,49,Male,"undefined, undefined, undefined, undefined, undefined, undefined, undefined",cm725dghl000du6h43wv647un,Associate Officer,2024-07-11 18:30:00,9662823360,4111 2556 6379,MSc,Public Administration
cm725dl8g002ou6t4gj4k5w7j,निधि.शर्मा23@gmail.com,निधि शर्मा,37,Male,"undefined, undefined, undefined, undefined, undefined, undefined, undefined",cm725dghl000du6h43wv647un,Chief Officer,2020-03-19 18:30:00,9413994073,666 9421 2733,PhD,Urban Planning
cm725dl8q002pu6t4u63eo0oz,संदीप.सिंह226@gmail.com,संदीप सिंह,26,Male,"undefined, undefined, undefined, undefined, undefined, undefined, undefined",cm725dghl000du6h43wv647un,Junior Officer,2024-10-13 18:30:00,9153438733,2441 7280 464,PhD,Urban Planning
cm725dl8z002qu6t4m2yxvqy4,शंकर.यादव951@gmail.com,शंकर यादव,50,Male,"undefined, undefined, undefined, undefined, undefined, undefined, undefined",cm725dgiu000eu6h40hxar6vi,Technical Officer,2020-03-16 18:30:00,9810547522,8659 9936 6499,BTech,Infrastructure Management
cm725dl9g002ru6t4wfk8uuex,kavita.verma246@gmail.com,Kavita Verma,42,Male,"undefined, undefined, undefined, undefined, undefined, undefined, undefined",cm725dgiu000eu6h40hxar6vi,Deputy Officer,2019-06-15 18:30:00,9665362149,3366 7110 6601,MSc,Public Administration
cm725dl9q002su6t4z0yvkxnw,vijay.verma148@gmail.com,Vijay Verma,33,Female,"undefined, undefined, undefined, undefined, undefined, undefined, undefined",cm725dgiu000eu6h40hxar6vi,Executive Officer,2021-01-24 18:30:00,9468136060,6155 4651 3223,MSc,Public Administration
cm725dl9y002tu6t4qdhsafrp,komal.verma695@gmail.com,Komal Verma,51,Female,"undefined, undefined, undefined, undefined, undefined, undefined, undefined",cm725dgiu000eu6h40hxar6vi,Assistant Officer,2021-05-10 18:30:00,9939243434,6726 6600 3338,BTech,Environmental Engineering
cm725dla6002uu6t4cduxu678,sandeep.verma86@gmail.com,Sandeep Verma,38,Female,"undefined, undefined, undefined, undefined, undefined, undefined, undefined",cm725dgiu000eu6h40hxar6vi,Chief Officer,2023-02-15 18:30:00,9234528365,2013 5192 54,PhD,Urban Planning
cm725dlaf002vu6t49phs2vr7,गोपाल.प्रसाद405@gmail.com,गोपाल प्रसाद,36,Female,"undefined, undefined, undefined, undefined, undefined, undefined, undefined",cm725dgiu000eu6h40hxar6vi,Senior Officer,2022-09-29 18:30:00,9616767802,3553 5075 5807,MTech,Civil Engineering
cm725dlao002wu6t484cf4ym4,suman.singh184@gmail.com,Suman Singh,46,Male,"undefined, undefined, undefined, undefined, undefined, undefined, undefined",cm725dgiu000eu6h40hxar6vi,Associate Officer,2023-08-21 18:30:00,9738788474,9993 5005 2229,MTech,Civil Engineering
cm725dlaz002xu6t4a4mzqy9s,पंकज.शर्मा340@gmail.com,पंकज शर्मा,49,Male,"undefined, undefined, undefined, undefined, undefined, undefined, undefined",cm725dgk6000fu6h4bwj5qyj4,Associate Officer,2023-10-24 18:30:00,9121750372,4298 2577 9240,MTech,Civil Engineering
cm725dlbc002yu6t4no0t9aid,neha.patel465@gmail.com,Neha Patel,50,Male,"undefined, undefined, undefined, undefined, undefined, undefined, undefined",cm725dgk6000fu6h4bwj5qyj4,Assistant Officer,2024-01-21 18:30:00,9650204706,4862 6462 4811,BTech,Infrastructure Management
cm725dlbm002zu6t46fwtp1vt,brijesh.kumar491@gmail.com,Brijesh Kumar,36,Male,"undefined, undefined, undefined, undefined, undefined, undefined, undefined",cm725dgk6000fu6h4bwj5qyj4,Chief Officer,2024-06-20 18:30:00,9559515624,6957 656 833,PhD,Urban Planning
cm725dlby0030u6t4k0dg5a91,amit.singh729@gmail.com,Amit Singh,38,Male,"undefined, undefined, undefined, undefined, undefined, undefined, undefined",cm725dgk6000fu6h4bwj5qyj4,Senior Officer,2023-10-24 18:30:00,9378167788,1157 826 242,BTech,Infrastructure Management
cm725dlc60031u6t4v4kqtj52,amit.jaiswal170@gmail.com,Amit Jaiswal,34,Female,"undefined, undefined, undefined, undefined, undefined, undefined, undefined",cm725dgk6000fu6h4bwj5qyj4,Deputy Officer,2024-05-09 18:30:00,9673666904,7535 4439 3383,BTech,Environmental Engineering
cm725dlcf0032u6t4me0404jz,सुनीता.वर्मा50@gmail.com,सुनीता वर्मा,47,Male,"undefined, undefined, undefined, undefined, undefined, undefined, undefined",cm725dgk6000fu6h4bwj5qyj4,Technical Officer,2020-03-07 18:30:00,9629083842,3227 7238 3131,PhD,Urban Planning
cm725dlcp0033u6t42xhf40nm,sarika.rai381@gmail.com,Sarika Rai,57,Female,"undefined, undefined, undefined, undefined, undefined, undefined, undefined",cm725dgk6000fu6h4bwj5qyj4,Junior Officer,2019-12-30 18:30:00,9681907026,5646 2079 2347,MTech,Civil Engineering
cm725dld40034u6t4ld6yugu7,ashok.kumar935@gmail.com,Ashok Kumar,41,Female,"undefined, undefined, undefined, undefined, undefined, undefined, undefined",cm725dgli000gu6h4ldtj08z8,Head Officer,2020-04-11 18:30:00,9298005995,5840 105 1430,MTech,Civil Engineering
cm725dldj0035u6t49ijo2npd,manoj.verma621@gmail.com,Manoj Verma,49,Male,"undefined, undefined, undefined, undefined, undefined, undefined, undefined",cm725dgli000gu6h4ldtj08z8,Senior Officer,2021-06-04 18:30:00,9225837762,391 9917 5657,BTech,Environmental Engineering
cm725dldw0036u6t4r78719qj,रवि.कुमार381@gmail.com,रवि कुमार,25,Male,"undefined, undefined, undefined, undefined, undefined, undefined, undefined",cm725dgli000gu6h4ldtj08z8,Executive Officer,2021-03-11 18:30:00,9238015705,8750 9672 2210,MSc,Public Administration
cm725dled0037u6t4uws67ui1,कुमारी.रीतिका698@gmail.com,कुमारी रीतिका,47,Male,"undefined, undefined, undefined, undefined, undefined, undefined, undefined",cm725dgli000gu6h4ldtj08z8,Junior Officer,2024-06-01 18:30:00,9822571481,4444 8758 7030,BTech,Infrastructure Management
cm725dleq0038u6t4wfpmv4i8,pankaj.kumar890@gmail.com,Pankaj Kumar,30,Female,"undefined, undefined, undefined, undefined, undefined, undefined, undefined",cm725dgli000gu6h4ldtj08z8,Deputy Officer,2023-03-04 18:30:00,9690736253,1339 8799 1688,MSc,Public Administration
cm725dlf30039u6t4mytau4pz,dinesh.kumar317@gmail.com,Dinesh Kumar,47,Male,"undefined, undefined, undefined, undefined, undefined, undefined, undefined",cm725dgli000gu6h4ldtj08z8,Technical Officer,2021-06-17 18:30:00,9831260800,1637 7749 9295,BTech,Infrastructure Management
cm725dlfd003au6t4dmkjbeew,नीलम.सिंह195@gmail.com,नीलम सिंह,38,Male,"undefined, undefined, undefined, undefined, undefined, undefined, undefined",cm725dgli000gu6h4ldtj08z8,Principal Officer,2024-01-12 18:30:00,9925025891,4684 5067 6014,MSc,Public Administration
cm725dlfy003bu6t40qs3jjr8,jyoti.kumari236@gmail.com,Jyoti Kumari,40,Male,"undefined, undefined, undefined, undefined, undefined, undefined, undefined",cm725dgpg000ru6h4pja8ts0a,Chief Officer,2020-05-12 18:30:00,9177586561,4319 9131 8132,MSc,Public Administration
cm725dlgg003cu6t47vdr7u1i,vikram.raj648@gmail.com,Vikram Raj,53,Female,"undefined, undefined, undefined, undefined, undefined, undefined, undefined",cm725dgpg000ru6h4pja8ts0a,Executive Officer,2021-10-15 18:30:00,9750272223,5952 8351 9672,BTech,Environmental Engineering
cm725dlgo003du6t4obkz4bl1,deepika.sharma774@gmail.com,Deepika Sharma,55,Male,"undefined, undefined, undefined, undefined, undefined, undefined, undefined",cm725dgpg000ru6h4pja8ts0a,Head Officer,2024-06-19 18:30:00,9508698378,6368 6493 7309,MTech,Civil Engineering
cm725dlh1003eu6t4n3j1an1v,manoj.tiwari579@gmail.com,Manoj Tiwari,42,Female,"undefined, undefined, undefined, undefined, undefined, undefined, undefined",cm725dgpg000ru6h4pja8ts0a,Junior Officer,2021-02-26 18:30:00,9134122369,5944 2378 6507,MTech,Civil Engineering
cm725dlhb003fu6t4y9xqddln,suresh.gupta907@gmail.com,Suresh Gupta,52,Female,"undefined, undefined, undefined, undefined, undefined, undefined, undefined",cm725dgpg000ru6h4pja8ts0a,Senior Officer,2024-07-05 18:30:00,9474858733,8139 8566 7132,BTech,Environmental Engineering
cm725dlhj003gu6t4dzra5d1s,sunil.kumar110@gmail.com,Sunil Kumar,34,Male,"undefined, undefined, undefined, undefined, undefined, undefined, undefined",cm725dgpg000ru6h4pja8ts0a,Deputy Officer,2018-06-18 18:30:00,9720905350,398 3184 5665,BTech,Infrastructure Management
cm725dlhq003hu6t483u62tbo,रवींद्र.कुमार844@gmail.com,रवींद्र कुमार,26,Male,"undefined, undefined, undefined, undefined, undefined, undefined, undefined",cm725dgpg000ru6h4pja8ts0a,Assistant Officer,2020-02-24 18:30:00,9856588252,3239 6583 5295,MSc,Public Administration
cm725dlib003iu6t46okrp232,meera.verma907@gmail.com,Meera Verma,56,Male,"undefined, undefined, undefined, undefined, undefined, undefined, undefined",cm725dgqu000su6h4g27ffdzk,Senior Officer,2019-03-06 18:30:00,9319752593,2136 1657 6045,BTech,Infrastructure Management
cm725dlis003ju6t4b00rjaup,ram.singh405@gmail.com,Ram Singh,37,Male,"undefined, undefined, undefined, undefined, undefined, undefined, undefined",cm725dgqu000su6h4g27ffdzk,Deputy Officer,2019-03-12 18:30:00,9425817033,7537 6288 7459,PhD,Urban Planning
cm725dlj7003ku6t4ac2h1bl2,poonam.agarwal80@gmail.com,Poonam Agarwal,43,Male,"undefined, undefined, undefined, undefined, undefined, undefined, undefined",cm725dgqu000su6h4g27ffdzk,Executive Officer,2019-06-30 18:30:00,9392583963,6735 4703 867,BTech,Infrastructure Management
cm725dljk003lu6t4vs1tvk0r,नीरज.कुमार271@gmail.com,नीरज कुमार,48,Female,"undefined, undefined, undefined, undefined, undefined, undefined, undefined",cm725dgqu000su6h4g27ffdzk,Junior Officer,2023-04-23 18:30:00,9309417346,8130 4684 2358,BTech,Infrastructure Management
cm725dljt003mu6t4igfwt4ws,rajesh.gupta398@gmail.com,Rajesh Gupta,54,Male,"undefined, undefined, undefined, undefined, undefined, undefined, undefined",cm725dgqu000su6h4g27ffdzk,Associate Officer,2022-01-04 18:30:00,9401440304,4915 4493 4866,BTech,Infrastructure Management
cm725dlk1003nu6t4fpyft51n,मनीष.कुमार389@gmail.com,मनीष कुमार,41,Male,"undefined, undefined, undefined, undefined, undefined, undefined, undefined",cm725dgqu000su6h4g27ffdzk,Technical Officer,2024-07-07 18:30:00,9303550911,8587 3594 2319,MTech,Civil Engineering
cm725dlkd003ou6t4lt6geavc,नीलम.सिंह983@gmail.com,नीलम सिंह,59,Male,"undefined, undefined, undefined, undefined, undefined, undefined, undefined",cm725dgqu000su6h4g27ffdzk,Chief Officer,2022-09-07 18:30:00,9174569110,1596 7470 7947,BTech,Infrastructure Management
cm725dlkl003pu6t4npoq4t7g,आशा.वर्मा724@gmail.com,आशा वर्मा,45,Male,"undefined, undefined, undefined, undefined, undefined, undefined, undefined",cm725dgse000tu6h4upm5zpn9,Executive Officer,2018-11-04 18:30:00,9424872249,5331 5733 6036,BTech,Infrastructure Management
cm725dlls003qu6t4b4iff0op,rajeev.mishra383@gmail.com,Rajeev Mishra,55,Male,"undefined, undefined, undefined, undefined, undefined, undefined, undefined",cm725dgse000tu6h4upm5zpn9,Chief Officer,2022-03-10 18:30:00,9775113532,7483 7508 9217,PhD,Urban Planning
cm725dlmq003ru6t4cf0vjq0g,suresh.yadav497@gmail.com,Suresh Yadav,57,Male,"undefined, undefined, undefined, undefined, undefined, undefined, undefined",cm725dgse000tu6h4upm5zpn9,Technical Officer,2020-05-23 18:30:00,9223228997,2256 5139 1268,PhD,Urban Planning
cm725dln3003su6t4ellmr5ar,sunita.devi571@gmail.com,Sunita Devi,27,Female,"undefined, undefined, undefined, undefined, undefined, undefined, undefined",cm725dgse000tu6h4upm5zpn9,Head Officer,2024-02-19 18:30:00,9418905760,5092 1989 7997,BTech,Environmental Engineering
cm725dlnc003tu6t4rnu5cojz,simran.verma772@gmail.com,Simran Verma,48,Male,"undefined, undefined, undefined, undefined, undefined, undefined, undefined",cm725dgse000tu6h4upm5zpn9,Junior Officer,2019-06-20 18:30:00,9450048298,1045 4230 1788,BTech,Infrastructure Management
cm725dlo3003uu6t4xqnmh5xf,किरण.कुमारी248@gmail.com,किरण कुमारी,55,Male,"undefined, undefined, undefined, undefined, undefined, undefined, undefined",cm725dgse000tu6h4upm5zpn9,Assistant Officer,2018-04-24 18:30:00,9337669014,2200 7200 9290,MSc,Public Administration
cm725dloj003vu6t4mddvuisb,vikram.verma17@gmail.com,Vikram Verma,36,Male,"undefined, undefined, undefined, undefined, undefined, undefined, undefined",cm725dgse000tu6h4upm5zpn9,Principal Officer,2019-10-15 18:30:00,9527905660,6194 4869 9973,MSc,Public Administration
cm725dlp2003wu6t48aoehhtk,rajeev.bhardwaj6@gmail.com,Rajeev Bhardwaj,30,Male,"undefined, undefined, undefined, undefined, undefined, undefined, undefined",cm725dgto000uu6h4jaf7uft4,Head Officer,2018-09-03 18:30:00,9587813975,2011 9896 2904,BTech,Infrastructure Management
cm725dlpb003xu6t46wqnri2s,ब्रह्म.सिंह381@gmail.com,ब्रह्म सिंह,38,Male,"undefined, undefined, undefined, undefined, undefined, undefined, undefined",cm725dgto000uu6h4jaf7uft4,Senior Officer,2023-09-19 18:30:00,9490719727,1385 9210 4931,BTech,Environmental Engineering
cm725dlpl003yu6t4dnj8jbvl,सारिका.सिंह463@gmail.com,सारिका सिंह,26,Male,"undefined, undefined, undefined, undefined, undefined, undefined, undefined",cm725dgto000uu6h4jaf7uft4,Principal Officer,2021-05-11 18:30:00,9361681499,3404 8016 7932,MTech,Civil Engineering
cm725dlpu003zu6t44iejq1sh,komal.mishra416@gmail.com,Komal Mishra,41,Male,"undefined, undefined, undefined, undefined, undefined, undefined, undefined",cm725dgto000uu6h4jaf7uft4,Junior Officer,2022-12-20 18:30:00,9197667122,9419 3051 215,BTech,Infrastructure Management
cm725dlq20040u6t4h64bwbl0,shivani.singh68@gmail.com,Shivani Singh,59,Male,"undefined, undefined, undefined, undefined, undefined, undefined, undefined",cm725dgto000uu6h4jaf7uft4,Associate Officer,2023-10-03 18:30:00,9107864136,4788 6656 9070,MTech,Civil Engineering
cm725dlqg0041u6t4teu9b4kn,माया.शर्मा916@gmail.com,माया शर्मा,43,Male,"undefined, undefined, undefined, undefined, undefined, undefined, undefined",cm725dgto000uu6h4jaf7uft4,Chief Officer,2021-11-04 18:30:00,9831645988,5174 9230 5242,MTech,Civil Engineering
cm725dlr60042u6t4rwzncazd,suraj.kumar187@gmail.com,Suraj Kumar,59,Female,"undefined, undefined, undefined, undefined, undefined, undefined, undefined",cm725dgto000uu6h4jaf7uft4,Assistant Officer,2022-09-19 18:30:00,9343029174,5095 3323 9568,BTech,Infrastructure Management
cm725dlru0043u6t4a9bwo5la,vijay.sharma863@gmail.com,Vijay Sharma,54,Male,"undefined, undefined, undefined, undefined, undefined, undefined, undefined",cm725dgv4000vu6h4pyaidp0c,Technical Officer,2023-08-25 18:30:00,9624617095,9839 3604 5241,MSc,Public Administration
cm725dlsa0044u6t4rw9gnp4p,anil.verma119@gmail.com,Anil Verma,58,Male,"undefined, undefined, undefined, undefined, undefined, undefined, undefined",cm725dgv4000vu6h4pyaidp0c,Assistant Officer,2024-08-26 18:30:00,9327223567,6420 730 9590,MSc,Public Administration
cm725dlso0045u6t42g1o8ao6,alok.sharma866@gmail.com,Alok Sharma,56,Male,"undefined, undefined, undefined, undefined, undefined, undefined, undefined",cm725dgv4000vu6h4pyaidp0c,Head Officer,2024-02-06 18:30:00,9892779796,2198 900 9153,BTech,Environmental Engineering
cm725dlsw0046u6t4wa5y4dut,गीता.देवी469@gmail.com,गीता देवी,32,Male,"undefined, undefined, undefined, undefined, undefined, undefined, undefined",cm725dgv4000vu6h4pyaidp0c,Deputy Officer,2021-01-30 18:30:00,9976210701,9390 4640 8729,BTech,Environmental Engineering
cm725dlt50047u6t42ozlwrtf,ramesh.tiwari919@gmail.com,Ramesh Tiwari,44,Female,"undefined, undefined, undefined, undefined, undefined, undefined, undefined",cm725dgv4000vu6h4pyaidp0c,Senior Officer,2024-08-16 18:30:00,9424313119,3984 2492 4818,PhD,Urban Planning
cm725dltd0048u6t4phchtobu,sunita.chaudhary312@gmail.com,Sunita Chaudhary,41,Male,"undefined, undefined, undefined, undefined, undefined, undefined, undefined",cm725dgv4000vu6h4pyaidp0c,Principal Officer,2021-05-03 18:30:00,9900092797,168 1684 2820,PhD,Urban Planning
cm725dltl0049u6t4gn4z0y3p,aman.yadav331@gmail.com,Aman Yadav,32,Female,"undefined, undefined, undefined, undefined, undefined, undefined, undefined",cm725dgv4000vu6h4pyaidp0c,Associate Officer,2021-11-05 18:30:00,9548609297,2112 6778 8774,BTech,Infrastructure Management
cm725dltt004au6t4oc8aa80d,karan.yadav895@gmail.com,Karan Yadav,37,Male,"undefined, undefined, undefined, undefined, undefined, undefined, undefined",cm725dgwf000wu6h4xx4n22q9,Principal Officer,2023-05-18 18:30:00,9107524610,2351 3023 4418,MSc,Public Administration
cm725dlu0004bu6t4poozeiew,simran.kaur59@gmail.com,Simran Kaur,58,Male,"undefined, undefined, undefined, undefined, undefined, undefined, undefined",cm725dgwf000wu6h4xx4n22q9,Head Officer,2018-12-10 18:30:00,9788536827,911 7007 38,BTech,Infrastructure Management
cm725dlu9004cu6t4in1ux7tj,pragya.yadav107@gmail.com,Pragya Yadav,33,Female,"undefined, undefined, undefined, undefined, undefined, undefined, undefined",cm725dgwf000wu6h4xx4n22q9,Junior Officer,2022-12-20 18:30:00,9311980891,7257 3844 7940,BTech,Infrastructure Management
cm725dlui004du6t4qbdkouuj,काजल.सिंह692@gmail.com,काजल सिंह,39,Female,"undefined, undefined, undefined, undefined, undefined, undefined, undefined",cm725dgwf000wu6h4xx4n22q9,Executive Officer,2024-12-14 18:30:00,9528608679,38 7865 7136,BTech,Environmental Engineering
cm725dlut004eu6t4qyqx5qp7,soniya.rani185@gmail.com,Soniya Rani,59,Male,"undefined, undefined, undefined, undefined, undefined, undefined, undefined",cm725dgwf000wu6h4xx4n22q9,Senior Officer,2019-02-11 18:30:00,9169153139,934 2619 5261,PhD,Urban Planning
cm725dlv2004fu6t42q3omyr4,manoj.kumar752@gmail.com,Manoj Kumar,49,Female,"undefined, undefined, undefined, undefined, undefined, undefined, undefined",cm725dgwf000wu6h4xx4n22q9,Chief Officer,2022-11-15 18:30:00,9363604150,9862 3092 7558,BTech,Environmental Engineering
cm725dlvd004gu6t4zbcx36tm,mohit.agrawal409@gmail.com,Mohit Agrawal,43,Male,"undefined, undefined, undefined, undefined, undefined, undefined, undefined",cm725dgwf000wu6h4xx4n22q9,Associate Officer,2022-07-23 18:30:00,9235998201,1709 8738 1871,MSc,Public Administration
cm725dlvm004hu6t4ukm8362u,priya.kumari693@gmail.com,Priya Kumari,36,Female,"undefined, undefined, undefined, undefined, undefined, undefined, undefined",cm725dgxt000xu6h4670vuanc,Senior Officer,2023-11-07 18:30:00,9721480512,2449 6233 4013,MTech,Civil Engineering
cm725dlvv004iu6t4v5wu6zi8,nikhil.sharma171@gmail.com,Nikhil Sharma,41,Female,"undefined, undefined, undefined, undefined, undefined, undefined, undefined",cm725dgxt000xu6h4670vuanc,Assistant Officer,2020-08-16 18:30:00,9672018477,7385 9369 2936,MTech,Civil Engineering
cm725dlw4004ju6t47w36w1qe,मनीषा.चौहान788@gmail.com,मनीषा चौहान,38,Male,"undefined, undefined, undefined, undefined, undefined, undefined, undefined",cm725dgxt000xu6h4670vuanc,Head Officer,2018-01-02 18:30:00,9425477551,7339 181 9898,PhD,Urban Planning
cm725dlwc004ku6t47fryjv9p,करण.कुमार539@gmail.com,करण कुमार,54,Male,"undefined, undefined, undefined, undefined, undefined, undefined, undefined",cm725dgxt000xu6h4670vuanc,Chief Officer,2018-05-09 18:30:00,9581591448,3890 6125 1436,MSc,Public Administration
cm725dlwo004lu6t4it8svqm9,राजेश.कुमार469@gmail.com,राजेश कुमार,26,Female,"undefined, undefined, undefined, undefined, undefined, undefined, undefined",cm725dgxt000xu6h4670vuanc,Junior Officer,2019-06-09 18:30:00,9672556941,8323 851 6756,BTech,Environmental Engineering
cm725dlwy004mu6t4a9b8d6a8,suresh.gupta575@gmail.com,Suresh Gupta,36,Male,"undefined, undefined, undefined, undefined, undefined, undefined, undefined",cm725dgxt000xu6h4670vuanc,Principal Officer,2024-05-05 18:30:00,9496006860,1103 3229 4964,PhD,Urban Planning
cm725dlx8004nu6t460vhs984,sita.devi317@gmail.com,Sita Devi,53,Male,"undefined, undefined, undefined, undefined, undefined, undefined, undefined",cm725dgxt000xu6h4670vuanc,Associate Officer,2024-05-16 18:30:00,9176578156,9786 4050 6321,MSc,Public Administration
cm725dlxk004ou6t4316l12r1,कुणाल.कुमार344@gmail.com,कुणाल कुमार,51,Female,"undefined, undefined, undefined, undefined, undefined, undefined, undefined",cm725dgzm000yu6h4ywfzbf9r,Junior Officer,2022-09-23 18:30:00,9251124399,7126 230 4279,PhD,Urban Planning
cm725dly0004pu6t43fpctteu,poonam.yadav645@gmail.com,Poonam Yadav,27,Male,"undefined, undefined, undefined, undefined, undefined, undefined, undefined",cm725dgzm000yu6h4ywfzbf9r,Associate Officer,2022-04-30 18:30:00,9563322994,996 1101 9427,PhD,Urban Planning
cm725dlyc004qu6t4gizmjthz,amit.raj892@gmail.com,Amit Raj,47,Male,"undefined, undefined, undefined, undefined, undefined, undefined, undefined",cm725dgzm000yu6h4ywfzbf9r,Executive Officer,2018-02-07 18:30:00,9838342038,4187 3153 7698,BTech,Infrastructure Management
cm725dlyk004ru6t44bel1cdb,vivek.sharma938@gmail.com,Vivek Sharma,47,Male,"undefined, undefined, undefined, undefined, undefined, undefined, undefined",cm725dgzm000yu6h4ywfzbf9r,Senior Officer,2024-04-01 18:30:00,9534714322,450 4283 9643,MSc,Public Administration
cm725dlz5004su6t4xtexyzgp,vivek.sharma723@gmail.com,Vivek Sharma,47,Male,"undefined, undefined, undefined, undefined, undefined, undefined, undefined",cm725dgzm000yu6h4ywfzbf9r,Principal Officer,2024-12-13 18:30:00,9118861690,8343 2627 7341,MSc,Public Administration
cm725dlzk004tu6t46drlpsaz,vinod.yadav667@gmail.com,Vinod Yadav,57,Male,"undefined, undefined, undefined, undefined, undefined, undefined, undefined",cm725dgzm000yu6h4ywfzbf9r,Deputy Officer,2022-10-07 18:30:00,9520998956,2491 6845 4199,MTech,Civil Engineering
cm725dlzs004uu6t480kmwi1i,suresh.verma967@gmail.com,Suresh Verma,36,Male,"undefined, undefined, undefined, undefined, undefined, undefined, undefined",cm725dgzm000yu6h4ywfzbf9r,Head Officer,2021-07-06 18:30:00,9658845593,9030 3353 9333,BTech,Infrastructure Management
cm725dm04004vu6t4yred1erb,vikram.patel841@gmail.com,Vikram Patel,54,Male,"undefined, undefined, undefined, undefined, undefined, undefined, undefined",cm725dh1e000zu6h4sxki18bd,Junior Officer,2024-10-18 18:30:00,9475038304,2553 6871 4509,PhD,Urban Planning
cm725dm0i004wu6t4rsrdb6nc,rakesh.gupta709@gmail.com,Rakesh Gupta,54,Male,"undefined, undefined, undefined, undefined, undefined, undefined, undefined",cm725dh1e000zu6h4sxki18bd,Executive Officer,2021-05-05 18:30:00,9612457488,3496 1222 4122,PhD,Urban Planning
cm725dm0s004xu6t4yts513e7,amit.verma743@gmail.com,Amit Verma,38,Male,"undefined, undefined, undefined, undefined, undefined, undefined, undefined",cm725dh1e000zu6h4sxki18bd,Principal Officer,2023-09-23 18:30:00,9585796446,5435 149 8486,MSc,Public Administration
cm725dm12004yu6t4zp20of6y,राजेश.मिश्रा634@gmail.com,राजेश मिश्रा,41,Female,"undefined, undefined, undefined, undefined, undefined, undefined, undefined",cm725dh1e000zu6h4sxki18bd,Senior Officer,2024-04-19 18:30:00,9205188134,6625 5534 4028,PhD,Urban Planning
cm725dm1c004zu6t4w9wf6hck,sunita.verma829@gmail.com,Sunita Verma,35,Female,"undefined, undefined, undefined, undefined, undefined, undefined, undefined",cm725dh1e000zu6h4sxki18bd,Chief Officer,2018-11-19 18:30:00,9801464398,8222 8597 1954,BTech,Environmental Engineering
cm725dm1o0050u6t4v9znvaif,manju.kumari253@gmail.com,Manju Kumari,51,Male,"undefined, undefined, undefined, undefined, undefined, undefined, undefined",cm725dh1e000zu6h4sxki18bd,Associate Officer,2020-07-18 18:30:00,9205082305,2953 3137 7361,BTech,Environmental Engineering
cm725dm1z0051u6t4u2ak7ljs,shweta.rani145@gmail.com,Shweta Rani,52,Female,"undefined, undefined, undefined, undefined, undefined, undefined, undefined",cm725dh1e000zu6h4sxki18bd,Head Officer,2022-11-21 18:30:00,9505298809,9373 4631 9622,BTech,Environmental Engineering
cm725dm2c0052u6t4belxsbik,laxmi.devi851@gmail.com,Laxmi Devi,55,Male,"undefined, undefined, undefined, undefined, undefined, undefined, undefined",cm725dh2l0010u6h4vffjc33n,Executive Officer,2019-07-15 18:30:00,9530180280,7331 8768 9577,BTech,Environmental Engineering
cm725dm2q0053u6t439wa3xgj,sunita.gupta28@gmail.com,Sunita Gupta,57,Male,"undefined, undefined, undefined, undefined, undefined, undefined, undefined",cm725dh2l0010u6h4vffjc33n,Junior Officer,2021-03-05 18:30:00,9274056111,4196 6757 6977,MTech,Civil Engineering
cm725dm2y0054u6t4i97ycvft,साक्षी.गुप्ता108@gmail.com,साक्षी गुप्ता,39,Male,"undefined, undefined, undefined, undefined, undefined, undefined, undefined",cm725dh2l0010u6h4vffjc33n,Senior Officer,2021-06-04 18:30:00,9527314871,8313 7932 8203,PhD,Urban Planning
cm725dm3a0055u6t4z6qe58hr,ramesh.patel761@gmail.com,Ramesh Patel,30,Male,"undefined, undefined, undefined, undefined, undefined, undefined, undefined",cm725dh2l0010u6h4vffjc33n,Deputy Officer,2024-01-30 18:30:00,9433524424,275 5375 4833,BTech,Infrastructure Management
cm725dm3m0056u6t4jokerlhj,मनीष.कुमार161@gmail.com,मनीष कुमार,59,Female,"undefined, undefined, undefined, undefined, undefined, undefined, undefined",cm725dh2l0010u6h4vffjc33n,Chief Officer,2020-09-13 18:30:00,9465537578,3705 9549 3621,PhD,Urban Planning
cm725dm3z0057u6t4dpp29etu,पंकज.गुप्ता566@gmail.com,पंकज गुप्ता,33,Male,"undefined, undefined, undefined, undefined, undefined, undefined, undefined",cm725dh2l0010u6h4vffjc33n,Assistant Officer,2018-09-12 18:30:00,9658596925,5963 4157 7823,MTech,Civil Engineering
cm725dm470058u6t4un6xdiuu,किरण.शर्मा207@gmail.com,किरण शर्मा,26,Male,"undefined, undefined, undefined, undefined, undefined, undefined, undefined",cm725dh2l0010u6h4vffjc33n,Principal Officer,2019-01-25 18:30:00,9478182864,2109 8805 5983,PhD,Urban Planning
cm725dm4j0059u6t4k6tmqp44,rajesh.yadav399@gmail.com,Rajesh Yadav,58,Male,"undefined, undefined, undefined, undefined, undefined, undefined, undefined",cm725dh400011u6h42dk827m2,Principal Officer,2022-10-15 18:30:00,9103111640,881 3805 7380,BTech,Environmental Engineering
cm725dm53005au6t4owqtp30k,sanjay.yadav686@gmail.com,Sanjay Yadav,38,Male,"undefined, undefined, undefined, undefined, undefined, undefined, undefined",cm725dh400011u6h42dk827m2,Technical Officer,2018-07-23 18:30:00,9722537259,2913 1331 4796,BTech,Environmental Engineering
cm725dm5e005bu6t4skutapic,rahul.sharma692@gmail.com,Rahul Sharma,28,Male,"undefined, undefined, undefined, undefined, undefined, undefined, undefined",cm725dh400011u6h42dk827m2,Deputy Officer,2024-08-12 18:30:00,9958122989,6677 1674 3155,BTech,Infrastructure Management
cm725dm5t005cu6t4vkqi6hae,umesh.patel507@gmail.com,Umesh Patel,30,Male,"undefined, undefined, undefined, undefined, undefined, undefined, undefined",cm725dh400011u6h42dk827m2,Assistant Officer,2020-04-25 18:30:00,9778769539,2102 7410 4144,MSc,Public Administration
cm725dm67005du6t4cc226cze,vandana.singh360@gmail.com,Vandana Singh,37,Male,"undefined, undefined, undefined, undefined, undefined, undefined, undefined",cm725dh400011u6h42dk827m2,Senior Officer,2022-08-12 18:30:00,9704748195,3102 5335 7069,PhD,Urban Planning
cm725dm6i005eu6t48npa4lbx,शिवानी.देवी942@gmail.com,शिवानी देवी,28,Male,"undefined, undefined, undefined, undefined, undefined, undefined, undefined",cm725dh400011u6h42dk827m2,Executive Officer,2019-09-07 18:30:00,9975726615,261 8515 3901,MTech,Civil Engineering
cm725dm6s005fu6t4j8twd9ap,सुरेश.चौधरी517@gmail.com,सुरेश चौधरी,40,Male,"undefined, undefined, undefined, undefined, undefined, undefined, undefined",cm725dh400011u6h42dk827m2,Chief Officer,2022-07-30 18:30:00,9399101373,3279 1745 9656,MSc,Public Administration
cm725dm72005gu6t4fmuvpbit,राजीव.सिंह913@gmail.com,राजीव सिंह,48,Male,"undefined, undefined, undefined, undefined, undefined, undefined, undefined",cm725dh5e0012u6h479zkreaz,Technical Officer,2020-09-08 18:30:00,9151875827,3784 8753 6696,MTech,Civil Engineering
cm725dm7b005hu6t4tss3vfum,sunil.tiwari20@gmail.com,Sunil Tiwari,48,Female,"undefined, undefined, undefined, undefined, undefined, undefined, undefined",cm725dh5e0012u6h479zkreaz,Junior Officer,2022-06-21 18:30:00,9170198741,5982 7 5646,MTech,Civil Engineering
cm725dm7j005iu6t4mwbbej1i,रूपा.देवी274@gmail.com,रूपा देवी,46,Male,"undefined, undefined, undefined, undefined, undefined, undefined, undefined",cm725dh5e0012u6h479zkreaz,Senior Officer,2018-11-12 18:30:00,9560502894,8455 4018 2105,BTech,Environmental Engineering
cm725dm7r005ju6t474crm5xm,शंकर.यादव822@gmail.com,शंकर यादव,30,Female,"undefined, undefined, undefined, undefined, undefined, undefined, undefined",cm725dh5e0012u6h479zkreaz,Deputy Officer,2023-03-21 18:30:00,9202383728,5787 8753 8272,MSc,Public Administration
cm725dm7z005ku6t4zfdlj8rh,शिवानी.देवी960@gmail.com,शिवानी देवी,40,Male,"undefined, undefined, undefined, undefined, undefined, undefined, undefined",cm725dh5e0012u6h479zkreaz,Head Officer,2023-09-21 18:30:00,9793251947,1778 8561 9642,PhD,Urban Planning
cm725dm8b005lu6t4cdqwqsr0,ritika.kumari346@gmail.com,Ritika Kumari,35,Male,"undefined, undefined, undefined, undefined, undefined, undefined, undefined",cm725dh5e0012u6h479zkreaz,Assistant Officer,2023-01-24 18:30:00,9770967744,8732 6767 6933,MSc,Public Administration
cm725dm8m005mu6t4edro5jw8,राकेश.यादव240@gmail.com,राकेश यादव,51,Male,"undefined, undefined, undefined, undefined, undefined, undefined, undefined",cm725dh5e0012u6h479zkreaz,Chief Officer,2022-08-20 18:30:00,9801528053,1989 9115 965,BTech,Environmental Engineering
cm725dm8u005nu6t4wwsvl51h,करण.कुमार766@gmail.com,करण कुमार,53,Male,"undefined, undefined, undefined, undefined, undefined, undefined, undefined",cm725dh6r0013u6h41cjnqq28,Technical Officer,2020-07-12 18:30:00,9700932535,4503 3605 662,BTech,Environmental Engineering
cm725dm93005ou6t4csd35fsw,माया.शर्मा964@gmail.com,माया शर्मा,56,Male,"undefined, undefined, undefined, undefined, undefined, undefined, undefined",cm725dh6r0013u6h41cjnqq28,Executive Officer,2024-09-06 18:30:00,9228475783,9980 4510 5891,PhD,Urban Planning
cm725dm9d005pu6t47kslcyym,rishabh.kumar292@gmail.com,Rishabh Kumar,33,Male,"undefined, undefined, undefined, undefined, undefined, undefined, undefined",cm725dh6r0013u6h41cjnqq28,Junior Officer,2018-10-07 18:30:00,9297927235,4875 5750 8213,MTech,Civil Engineering
cm725dm9m005qu6t4gye0qafh,alok.yadav651@gmail.com,Alok Yadav,52,Male,"undefined, undefined, undefined, undefined, undefined, undefined, undefined",cm725dh6r0013u6h41cjnqq28,Senior Officer,2022-01-30 18:30:00,9154519466,7250 3738 3823,MSc,Public Administration
cm725dm9u005ru6t4v3q4oqdw,poonam.agarwal309@gmail.com,Poonam Agarwal,47,Male,"undefined, undefined, undefined, undefined, undefined, undefined, undefined",cm725dh6r0013u6h41cjnqq28,Principal Officer,2021-06-24 18:30:00,9809282810,5841 1786 89,MTech,Civil Engineering
cm725dma4005su6t4c73xluol,sudhir.kapoor561@gmail.com,Sudhir Kapoor,26,Female,"undefined, undefined, undefined, undefined, undefined, undefined, undefined",cm725dh6r0013u6h41cjnqq28,Associate Officer,2023-08-30 18:30:00,9178162660,7627 1918 2666,BTech,Environmental Engineering
cm725dmah005tu6t4gzkfxk0p,शिल्पा.देवी462@gmail.com,शिल्पा देवी,33,Female,"undefined, undefined, undefined, undefined, undefined, undefined, undefined",cm725dh6r0013u6h41cjnqq28,Head Officer,2024-08-24 18:30:00,9373587259,1959 5405 2999,MTech,Civil Engineering
cm725dmat005uu6t4rhqyfb7q,bharat.kumar67@gmail.com,Bharat Kumar,36,Male,"undefined, undefined, undefined, undefined, undefined, undefined, undefined",cm725dh7z0014u6h48f1o32jf,Principal Officer,2023-12-08 18:30:00,9832953736,7672 3371 5325,MSc,Public Administration
cm725dmb5005vu6t44iwarrrj,ankit.singh668@gmail.com,Ankit Singh,32,Male,"undefined, undefined, undefined, undefined, undefined, undefined, undefined",cm725dh7z0014u6h48f1o32jf,Junior Officer,2022-09-05 18:30:00,9745113756,4291 9704 1043,BTech,Environmental Engineering
cm725dmbf005wu6t4f9e28rh8,rashmi.rani224@gmail.com,Rashmi Rani,51,Male,"undefined, undefined, undefined, undefined, undefined, undefined, undefined",cm725dh7z0014u6h48f1o32jf,Executive Officer,2019-12-10 18:30:00,9536926278,9054 7288 8780,MSc,Public Administration
cm725dmbp005xu6t4cpdg9rlz,anita.verma515@gmail.com,Anita Verma,38,Female,"undefined, undefined, undefined, undefined, undefined, undefined, undefined",cm725dh7z0014u6h48f1o32jf,Technical Officer,2021-08-26 18:30:00,9906664574,2579 5498 8485,MSc,Public Administration
cm725dmbz005yu6t4zgogsn3h,pankaj.kumar331@gmail.com,Pankaj Kumar,36,Male,"undefined, undefined, undefined, undefined, undefined, undefined, undefined",cm725dh7z0014u6h48f1o32jf,Chief Officer,2021-01-12 18:30:00,9974620047,2120 419 6709,BTech,Environmental Engineering
cm725dmc7005zu6t4pk2l4pnw,वीरेंद्र.यादव926@gmail.com,वीरेंद्र यादव,33,Female,"undefined, undefined, undefined, undefined, undefined, undefined, undefined",cm725dh7z0014u6h48f1o32jf,Deputy Officer,2023-01-21 18:30:00,9761149181,3009 561 1589,BTech,Environmental Engineering
cm725dmci0060u6t4j6m543gx,नम्रता.देवी486@gmail.com,नम्रता देवी,25,Female,"undefined, undefined, undefined, undefined, undefined, undefined, undefined",cm725dh7z0014u6h48f1o32jf,Associate Officer,2024-11-03 18:30:00,9201297720,3166 8331 6577,MSc,Public Administration
cm725dmcu0061u6t43pnskitq,rekha.yadav292@gmail.com,Rekha Yadav,43,Male,"undefined, undefined, undefined, undefined, undefined, undefined, undefined",cm725dh9h0015u6h4t5wwsnen,Associate Officer,2021-11-16 18:30:00,9743241285,4509 4279 4853,MTech,Civil Engineering
cm725dmd40062u6t44lv0oavk,किरण.देवी88@gmail.com,किरण देवी,31,Male,"undefined, undefined, undefined, undefined, undefined, undefined, undefined",cm725dh9h0015u6h4t5wwsnen,Principal Officer,2019-04-01 18:30:00,9864454573,3687 9636 5611,PhD,Urban Planning
cm725dmdn0063u6t46qwfyk7v,नीलम.सिंह172@gmail.com,नीलम सिंह,32,Male,"undefined, undefined, undefined, undefined, undefined, undefined, undefined",cm725dh9h0015u6h4t5wwsnen,Executive Officer,2021-02-04 18:30:00,9888452862,7240 5386 7737,PhD,Urban Planning
cm725dme00064u6t4qulbila5,mohan.singh140@gmail.com,Mohan Singh,38,Male,"undefined, undefined, undefined, undefined, undefined, undefined, undefined",cm725dh9h0015u6h4t5wwsnen,Junior Officer,2021-09-11 18:30:00,9789517881,5904 9160 9757,PhD,Urban Planning
cm725dmea0065u6t4kmha5eik,priyanka.yadav808@gmail.com,Priyanka Yadav,54,Female,"undefined, undefined, undefined, undefined, undefined, undefined, undefined",cm725dh9h0015u6h4t5wwsnen,Head Officer,2019-01-09 18:30:00,9768983558,4591 5987 7722,PhD,Urban Planning
cm725dmei0066u6t497gp8kt2,रवींद्र.कुमार614@gmail.com,रवींद्र कुमार,44,Male,"undefined, undefined, undefined, undefined, undefined, undefined, undefined",cm725dh9h0015u6h4t5wwsnen,Senior Officer,2019-07-10 18:30:00,9452328963,8599 7638 8277,MSc,Public Administration
cm725dmes0067u6t4exg33p15,कुसुम.देवी198@gmail.com,कुसुम देवी,35,Female,"undefined, undefined, undefined, undefined, undefined, undefined, undefined",cm725dh9h0015u6h4t5wwsnen,Deputy Officer,2022-03-17 18:30:00,9109452189,1075 9505 5940,PhD,Urban Planning
cm725dmf40068u6t4s7y1f0p4,anil.mishra810@gmail.com,Anil Mishra,49,Male,"undefined, undefined, undefined, undefined, undefined, undefined, undefined",cm725dhax0016u6h4hi9y0qoy,Principal Officer,2019-06-15 18:30:00,9984240303,2571 5960 2149,MTech,Civil Engineering
cm725dmfj0069u6t4rg30hh5q,amit.kumar188@gmail.com,Amit Kumar,56,Male,"undefined, undefined, undefined, undefined, undefined, undefined, undefined",cm725dhax0016u6h4hi9y0qoy,Associate Officer,2018-04-09 18:30:00,9596820220,6603 2558 119,PhD,Urban Planning
cm725dmfr006au6t416swdort,ankit.kumar414@gmail.com,Ankit Kumar,56,Female,"undefined, undefined, undefined, undefined, undefined, undefined, undefined",cm725dhax0016u6h4hi9y0qoy,Chief Officer,2019-03-01 18:30:00,9933675144,1472 3678 374,MTech,Civil Engineering
cm725dmg2006bu6t4te6te30i,aarti.chaudhary10@gmail.com,Aarti Chaudhary,35,Female,"undefined, undefined, undefined, undefined, undefined, undefined, undefined",cm725dhax0016u6h4hi9y0qoy,Assistant Officer,2020-02-18 18:30:00,9515597365,3948 1856 3291,MTech,Civil Engineering
cm725dmgd006cu6t4jkomon1a,shyam.sundar438@gmail.com,Shyam Sundar,55,Male,"undefined, undefined, undefined, undefined, undefined, undefined, undefined",cm725dhax0016u6h4hi9y0qoy,Head Officer,2024-12-15 18:30:00,9170159372,4454 7437 2651,MSc,Public Administration
cm725dmgq006du6t4ff6gq73n,vikas.kumar161@gmail.com,Vikas Kumar,58,Male,"undefined, undefined, undefined, undefined, undefined, undefined, undefined",cm725dhax0016u6h4hi9y0qoy,Deputy Officer,2023-07-17 18:30:00,9225497495,3392 9416 5070,MTech,Civil Engineering
cm725dmh0006eu6t4g1z62ey3,manoj.singh261@gmail.com,Manoj Singh,53,Male,"undefined, undefined, undefined, undefined, undefined, undefined, undefined",cm725dhax0016u6h4hi9y0qoy,Senior Officer,2021-05-15 18:30:00,9234490014,3751 3045 1621,MTech,Civil Engineering
cm725dmhe006fu6t46f7zctlr,kavita.verma738@gmail.com,Kavita Verma,45,Male,"undefined, undefined, undefined, undefined, undefined, undefined, undefined",cm725dhc90017u6h4pclrf51x,Principal Officer,2022-10-17 18:30:00,9381143219,8795 1278 4699,BTech,Environmental Engineering
cm725dmhq006gu6t43m0ckjw6,suman.rani47@gmail.com,Suman Rani,50,Male,"undefined, undefined, undefined, undefined, undefined, undefined, undefined",cm725dhc90017u6h4pclrf51x,Senior Officer,2022-08-26 18:30:00,9524394979,6607 778 2612,BTech,Environmental Engineering
cm725dmhz006hu6t4xc56y2li,shivani.singh8@gmail.com,Shivani Singh,53,Female,"undefined, undefined, undefined, undefined, undefined, undefined, undefined",cm725dhc90017u6h4pclrf51x,Junior Officer,2019-02-09 18:30:00,9206758672,4171 7558 3316,BTech,Environmental Engineering
cm725dmib006iu6t4twbwmxnh,anil.gupta513@gmail.com,Anil Gupta,26,Male,"undefined, undefined, undefined, undefined, undefined, undefined, undefined",cm725dhc90017u6h4pclrf51x,Associate Officer,2020-04-06 18:30:00,9550113386,6818 1539 5141,BTech,Infrastructure Management
cm725dmim006ju6t4b4omu6jg,aman.yadav386@gmail.com,Aman Yadav,44,Male,"undefined, undefined, undefined, undefined, undefined, undefined, undefined",cm725dhc90017u6h4pclrf51x,Head Officer,2018-02-11 18:30:00,9257132782,9062 3178 2240,MTech,Civil Engineering
cm725dmiy006ku6t45qbx3tnk,आनंद.कुमार853@gmail.com,आनंद कुमार,42,Female,"undefined, undefined, undefined, undefined, undefined, undefined, undefined",cm725dhc90017u6h4pclrf51x,Chief Officer,2021-02-21 18:30:00,9823732973,667 5842 1494,MSc,Public Administration
cm725dmj6006lu6t4u64vgwyp,pradeep.sharma742@gmail.com,Pradeep Sharma,57,Male,"undefined, undefined, undefined, undefined, undefined, undefined, undefined",cm725dhc90017u6h4pclrf51x,Deputy Officer,2019-01-11 18:30:00,9290771627,4559 6349 8047,MTech,Civil Engineering
cm725dmje006mu6t4a99rphby,विशाल.चौधरी927@gmail.com,विशाल चौधरी,54,Male,"undefined, undefined, undefined, undefined, undefined, undefined, undefined",cm725dhdq0018u6h47pt3qkl8,Senior Officer,2024-09-03 18:30:00,9715959206,5873 7362 915,BTech,Infrastructure Management
cm725dmjm006nu6t4ums5b71w,ramesh.tiwari204@gmail.com,Ramesh Tiwari,30,Female,"undefined, undefined, undefined, undefined, undefined, undefined, undefined",cm725dhdq0018u6h47pt3qkl8,Junior Officer,2020-05-08 18:30:00,9983049723,3891 5703 2611,BTech,Infrastructure Management
cm725dmjw006ou6t4xmygcq0d,rajesh.gupta562@gmail.com,Rajesh Gupta,40,Male,"undefined, undefined, undefined, undefined, undefined, undefined, undefined",cm725dhdq0018u6h47pt3qkl8,Executive Officer,2024-05-18 18:30:00,9450902301,3284 4144 2772,PhD,Urban Planning
cm725dmk3006pu6t4xo1oirog,neha.joshi307@gmail.com,Neha Joshi,47,Female,"undefined, undefined, undefined, undefined, undefined, undefined, undefined",cm725dhdq0018u6h47pt3qkl8,Chief Officer,2019-06-25 18:30:00,9684556022,9996 453 1539,MTech,Civil Engineering
cm725dmkc006qu6t4epjh7dtb,geeta.kumari525@gmail.com,Geeta Kumari,43,Male,"undefined, undefined, undefined, undefined, undefined, undefined, undefined",cm725dhdq0018u6h47pt3qkl8,Technical Officer,2019-01-31 18:30:00,9956083162,6245 735 6119,PhD,Urban Planning
cm725dmkv006ru6t4crx1nurs,नीलम.सिंह439@gmail.com,नीलम सिंह,57,Female,"undefined, undefined, undefined, undefined, undefined, undefined, undefined",cm725dhdq0018u6h47pt3qkl8,Assistant Officer,2024-08-02 18:30:00,9978862199,3246 3812 5130,MTech,Civil Engineering
cm725dmla006su6t45ug7zfdk,neelam.singh542@gmail.com,Neelam Singh,42,Male,"undefined, undefined, undefined, undefined, undefined, undefined, undefined",cm725dhdq0018u6h47pt3qkl8,Head Officer,2021-02-10 18:30:00,9355001343,8094 7681 8062,BTech,Infrastructure Management
cm725dmli006tu6t4tip53fdt,वीरेंद्र.यादव639@gmail.com,वीरेंद्र यादव,52,Male,"undefined, undefined, undefined, undefined, undefined, undefined, undefined",cm725dhf50019u6h4doj7u8um,Deputy Officer,2018-03-19 18:30:00,9693986561,6032 5313 1819,MSc,Public Administration
cm725dmlz006uu6t4u084an3f,नम्रता.देवी189@gmail.com,नम्रता देवी,40,Female,"undefined, undefined, undefined, undefined, undefined, undefined, undefined",cm725dhf50019u6h4doj7u8um,Senior Officer,2024-05-20 18:30:00,9851751382,2642 6732 4351,MTech,Civil Engineering
cm725dmma006vu6t4fpq04noo,meera.verma537@gmail.com,Meera Verma,47,Male,"undefined, undefined, undefined, undefined, undefined, undefined, undefined",cm725dhf50019u6h4doj7u8um,Executive Officer,2020-11-24 18:30:00,9169882310,3809 7238 8926,PhD,Urban Planning
cm725dmmw006wu6t4ms39pecw,vikas.yadav223@gmail.com,Vikas Yadav,42,Male,"undefined, undefined, undefined, undefined, undefined, undefined, undefined",cm725dhf50019u6h4doj7u8um,Technical Officer,2023-11-04 18:30:00,9879766707,4378 6040 7468,BTech,Infrastructure Management
cm725dmn3006xu6t4dao4d6a5,komal.sharma159@gmail.com,Komal Sharma,58,Male,"undefined, undefined, undefined, undefined, undefined, undefined, undefined",cm725dhf50019u6h4doj7u8um,Associate Officer,2020-11-30 18:30:00,9436814618,476 7556 5892,BTech,Environmental Engineering