id,email,name,password,role,createdAt,updatedAt
cm725espe0000u6o40tsgshuf,rajeshkumar575@gmail.com,Rajesh Kumar,rajeshkumar,CITIZEN,2025-02-12 16:51:47.282,2025-02-12 16:51:47.282
cm725esuf0003u6o4xgsfqsck,amitsingh420@gmail.com,Amit Singh,amitsingh,CITIZEN,2025-02-12 16:51:47.464,2025-02-12 16:51:47.464
cm725esxi0006u6o498e39glu,sureshgupta116@gmail.com,Suresh Gupta,sureshgupta,CITIZEN,2025-02-12 16:51:47.574,2025-02-12 16:51:47.574
cm725et130009u6o45e2rnkk7,ravisharma471@gmail.com,Ravi Sharma,ravisharma,CITIZEN,2025-02-12 16:51:47.704,2025-02-12 16:51:47.704
cm725et4a000cu6o41zd7iqyb,anjaliverma447@gmail.com,Anjali Verma,anjaliverma,CITIZEN,2025-02-12 16:51:47.819,2025-02-12 16:51:47.819
cm725et78000fu6o4prqzrin9,poojasingh544@gmail.com,Pooja Singh,poojasingh,CITIZEN,2025-02-12 16:51:47.924,2025-02-12 16:51:47.924
cm725eta6000iu6o4qzg92zul,vikramyadav750@gmail.com,Vikram Yadav,vikramyadav,CITIZEN,2025-02-12 16:51:48.03,2025-02-12 16:51:48.03
cm725etd4000lu6o4yat6nk7i,nehatiwari772@gmail.com,Neha Tiwari,nehatiwari,CITIZEN,2025-02-12 16:51:48.136,2025-02-12 16:51:48.136
cm725etg4000ou6o4rl07ye6a,rameshkumar65@gmail.com,Ramesh Kumar,rameshkumar,CITIZEN,2025-02-12 16:51:48.244,2025-02-12 16:51:48.244
cm725etjv000ru6o4daczpuqa,sunitadevi652@gmail.com,Sunita Devi,sunitadevi,CITIZEN,2025-02-12 16:51:48.379,2025-02-12 16:51:48.379
cm725etmm000uu6o4ozfcze5n,anilkumar137@gmail.com,Anil Kumar,anilkumar,CITIZEN,2025-02-12 16:51:48.478,2025-02-12 16:51:48.478
cm725etpq000xu6o4oj5jjkge,manojsingh547@gmail.com,Manoj Singh,manojsingh,CITIZEN,2025-02-12 16:51:48.591,2025-02-12 16:51:48.591
cm725etsw0010u6o4wavwgh5c,kavitasharma639@gmail.com,Kavita Sharma,kavitasharma,CITIZEN,2025-02-12 16:51:48.705,2025-02-12 16:51:48.705
cm725etvx0013u6o4hrr48ohe,rohitverma491@gmail.com,Rohit Verma,rohitverma,CITIZEN,2025-02-12 16:51:48.814,2025-02-12 16:51:48.814
cm725etzb0016u6o4t50johak,sanjaygupta53@gmail.com,Sanjay Gupta,sanjaygupta,CITIZEN,2025-02-12 16:51:48.936,2025-02-12 16:51:48.936
cm725eu330019u6o42ys5qkfo,priyasingh814@gmail.com,Priya Singh,priyasingh,CITIZEN,2025-02-12 16:51:49.072,2025-02-12 16:51:49.072
cm725eu6h001cu6o4vigm0y34,vijaykumar741@gmail.com,Vijay Kumar,vijaykumar,CITIZEN,2025-02-12 16:51:49.194,2025-02-12 16:51:49.194
cm725eub4001fu6o46mzcu0ek,anitayadav758@gmail.com,Anita Yadav,anitayadav,CITIZEN,2025-02-12 16:51:49.36,2025-02-12 16:51:49.36
cm725euec001iu6o4lkh68e2v,deepaksharma425@gmail.com,Deepak Sharma,deepaksharma,CITIZEN,2025-02-12 16:51:49.477,2025-02-12 16:51:49.477
cm725euhj001lu6o47cg3cj43,rakeshkumar226@gmail.com,Rakesh Kumar,rakeshkumar,CITIZEN,2025-02-12 16:51:49.591,2025-02-12 16:51:49.591
cm725eul5001ou6o4v1py5tm3,meenaverma80@gmail.com,Meena Verma,meenaverma,CITIZEN,2025-02-12 16:51:49.722,2025-02-12 16:51:49.722
cm725eunx001ru6o4rfs0r5st,arunkumar242@gmail.com,Arun Kumar,arunkumar,CITIZEN,2025-02-12 16:51:49.822,2025-02-12 16:51:49.822
cm725euqo001uu6o4oem4ssh6,nishagupta105@gmail.com,Nisha Gupta,nishagupta,CITIZEN,2025-02-12 16:51:49.921,2025-02-12 16:51:49.921
cm725euu3001xu6o4t56rbsbj,raviyadav88@gmail.com,Ravi Yadav,raviyadav,CITIZEN,2025-02-12 16:51:50.043,2025-02-12 16:51:50.043
cm725euxa0020u6o46xzm7ojk,sumanverma384@gmail.com,Suman Verma,sumanverma,CITIZEN,2025-02-12 16:51:50.158,2025-02-12 16:51:50.158
cm725ev0n0023u6o4wb0z64ia,pankajsingh127@gmail.com,Pankaj Singh,pankajsingh,CITIZEN,2025-02-12 16:51:50.279,2025-02-12 16:51:50.279
cm725ev3p0026u6o4e1wvi4g8,rohitkumar846@gmail.com,Rohit Kumar,rohitkumar,CITIZEN,2025-02-12 16:51:50.389,2025-02-12 16:51:50.389
cm725ev6m0029u6o4qdscphyp,anjaligupta887@gmail.com,Anjali Gupta,anjaligupta,CITIZEN,2025-02-12 16:51:50.495,2025-02-12 16:51:50.495
cm725ev9o002cu6o4vo32qp63,vikasyadav276@gmail.com,Vikas Yadav,vikasyadav,CITIZEN,2025-02-12 16:51:50.605,2025-02-12 16:51:50.605
cm725evd4002fu6o4za7za40t,ritusharma542@gmail.com,Ritu Sharma,ritusharma,CITIZEN,2025-02-12 16:51:50.729,2025-02-12 16:51:50.729
cm725evg6002iu6o4g8m3pf7v,anilverma379@gmail.com,Anil Verma,anilverma,CITIZEN,2025-02-12 16:51:50.839,2025-02-12 16:51:50.839
cm725evj6002lu6o49iwg8kf9,rakeshyadav645@gmail.com,Rakesh Yadav,rakeshyadav,CITIZEN,2025-02-12 16:51:50.947,2025-02-12 16:51:50.947
cm725evpg002qu6o4hc2jgjoi,priyayadav829@gmail.com,Priya Yadav,priyayadav,CITIZEN,2025-02-12 16:51:51.172,2025-02-12 16:51:51.172
cm725evst002tu6o4nf43xk4o,vikramsingh872@gmail.com,Vikram Singh,vikramsingh,CITIZEN,2025-02-12 16:51:51.293,2025-02-12 16:51:51.293
cm725evw5002wu6o43b5fm6ew,aartigupta530@gmail.com,Aarti Gupta,aartigupta,CITIZEN,2025-02-12 16:51:51.413,2025-02-12 16:51:51.413
cm725evzs002zu6o44lku9id0,mohammadimran467@gmail.com,Mohammad Imran,mohammadimran,CITIZEN,2025-02-12 16:51:51.545,2025-02-12 16:51:51.545
cm725ew320032u6o49c684bo2,geetakumari600@gmail.com,Geeta Kumari,geetakumari,CITIZEN,2025-02-12 16:51:51.663,2025-02-12 16:51:51.663
cm725ew6k0035u6o4fk3g33at,rameshpatel656@gmail.com,Ramesh Patel,rameshpatel,CITIZEN,2025-02-12 16:51:51.788,2025-02-12 16:51:51.788
cm725ewau0038u6o4lgbteg7y,shivanimishra701@gmail.com,Shivani Mishra,shivanimishra,CITIZEN,2025-02-12 16:51:51.942,2025-02-12 16:51:51.942
cm725ewdo003bu6o4erundia4,dineshkumar316@gmail.com,Dinesh Kumar,dineshkumar,CITIZEN,2025-02-12 16:51:52.044,2025-02-12 16:51:52.044
cm725ewgk003eu6o4z9uke50f,sumanchauhan669@gmail.com,Suman Chauhan,sumanchauhan,CITIZEN,2025-02-12 16:51:52.149,2025-02-12 16:51:52.149
cm725ewjf003hu6o48ei1tqsf,krishnakumar351@gmail.com,Krishna Kumar,krishnakumar,CITIZEN,2025-02-12 16:51:52.252,2025-02-12 16:51:52.252
cm725ewmd003ku6o4kjxgsmsz,anjalidevi193@gmail.com,Anjali Devi,anjalidevi,CITIZEN,2025-02-12 16:51:52.357,2025-02-12 16:51:52.357
cm725ewp6003nu6o4s77lym5c,rahulkumar716@gmail.com,Rahul Kumar,rahulkumar,CITIZEN,2025-02-12 16:51:52.459,2025-02-12 16:51:52.459
cm725ewsk003qu6o4afkqdt79,vandanasingh378@gmail.com,Vandana Singh,vandanasingh,CITIZEN,2025-02-12 16:51:52.581,2025-02-12 16:51:52.581
cm725ewvu003tu6o4p79qvth8,umeshpatel326@gmail.com,Umesh Patel,umeshpatel,CITIZEN,2025-02-12 16:51:52.698,2025-02-12 16:51:52.698
cm725ewys003wu6o4dgumsjul,simransharma768@gmail.com,Simran Sharma,simransharma,CITIZEN,2025-02-12 16:51:52.804,2025-02-12 16:51:52.804
cm725ex1z003zu6o4bom9um4o,harishchandra277@gmail.com,Harish Chandra,harishchandra,CITIZEN,2025-02-12 16:51:52.919,2025-02-12 16:51:52.919
cm725ex4i0042u6o4yx7qr9hg,ritikakumari782@gmail.com,Ritika Kumari,ritikakumari,CITIZEN,2025-02-12 16:51:53.011,2025-02-12 16:51:53.011
cm725ex7m0045u6o4zoo0vyzb,nehayadav765@gmail.com,Neha Yadav,nehayadav,CITIZEN,2025-02-12 16:51:53.122,2025-02-12 16:51:53.122
cm725exbc0048u6o4sxwo4k2h,deepaksingh811@gmail.com,Deepak Singh,deepaksingh,CITIZEN,2025-02-12 16:51:53.256,2025-02-12 16:51:53.256
cm725exe6004bu6o4x7lu9l94,राहुलयादव447@gmail.com,राहुल यादव,राहुलयादव,CITIZEN,2025-02-12 16:51:53.358,2025-02-12 16:51:53.358
cm725exh1004eu6o4irurlwiz,गीतादेवी889@gmail.com,गीता देवी,गीतादेवी,CITIZEN,2025-02-12 16:51:53.461,2025-02-12 16:51:53.461
cm725exk3004hu6o4gjbicol6,सुमनशर्मा660@gmail.com,सुमन शर्मा,सुमनशर्मा,CITIZEN,2025-02-12 16:51:53.571,2025-02-12 16:51:53.571
cm725exna004ku6o4kddz4kp4,विक्रमकुमार826@gmail.com,विक्रम कुमार,विक्रमकुमार,CITIZEN,2025-02-12 16:51:53.686,2025-02-12 16:51:53.686
cm725exqe004nu6o4kjtiia7p,राजेशमिश्रा607@gmail.com,राजेश मिश्रा,राजेशमिश्रा,CITIZEN,2025-02-12 16:51:53.798,2025-02-12 16:51:53.798
cm725exts004qu6o4xukjocxr,शिवानीदेवी676@gmail.com,शिवानी देवी,शिवानीदेवी,CITIZEN,2025-02-12 16:51:53.92,2025-02-12 16:51:53.92
cm725exxq004tu6o4qirbjutw,नरेशचंद्र732@gmail.com,नरेश चंद्र,नरेशचंद्र,CITIZEN,2025-02-12 16:51:54.062,2025-02-12 16:51:54.062
cm725ey12004wu6o4t99i7su8,रितिकागुप्ता766@gmail.com,रितिका गुप्ता,रितिकागुप्ता,CITIZEN,2025-02-12 16:51:54.182,2025-02-12 16:51:54.182
cm725ey4c004zu6o4in8ji3mu,संजययादव109@gmail.com,संजय यादव,संजययादव,CITIZEN,2025-02-12 16:51:54.3,2025-02-12 16:51:54.3
cm725ey7h0052u6o4xubnbtps,प्रियंकासिंह536@gmail.com,प्रियंका सिंह,प्रियंकासिंह,CITIZEN,2025-02-12 16:51:54.414,2025-02-12 16:51:54.414
cm725eya10055u6o49m2dosn8,sanjaykumar111@gmail.com,Sanjay Kumar,sanjaykumar,CITIZEN,2025-02-12 16:51:54.505,2025-02-12 16:51:54.505
cm725eydr0058u6o4i4b6qs81,viveksharma95@gmail.com,Vivek Sharma,viveksharma,CITIZEN,2025-02-12 16:51:54.639,2025-02-12 16:51:54.639
cm725eyhw005bu6o4nr5y9j2x,poojaverma819@gmail.com,Pooja Verma,poojaverma,CITIZEN,2025-02-12 16:51:54.788,2025-02-12 16:51:54.788
cm725eynd005gu6o4resh0jrb,anjaliyadav808@gmail.com,Anjali Yadav,anjaliyadav,CITIZEN,2025-02-12 16:51:54.986,2025-02-12 16:51:54.986
cm725eyqe005ju6o4ade09dly,raviverma703@gmail.com,Ravi Verma,raviverma,CITIZEN,2025-02-12 16:51:55.095,2025-02-12 16:51:55.095
cm725eyuw005mu6o4jjky6ii7,sureshkumar441@gmail.com,Suresh Kumar,sureshkumar,CITIZEN,2025-02-12 16:51:55.257,2025-02-12 16:51:55.257
cm725ezao005ru6o4uc41b0o6,rohitsharma144@gmail.com,Rohit Sharma,rohitsharma,CITIZEN,2025-02-12 16:51:55.825,2025-02-12 16:51:55.825
cm725ezgy005uu6o4lsw2iddh,anilyadav439@gmail.com,Anil Yadav,anilyadav,CITIZEN,2025-02-12 16:51:56.05,2025-02-12 16:51:56.05
cm725ezse005xu6o4emp28w7n,kavitaverma343@gmail.com,Kavita Verma,kavitaverma,CITIZEN,2025-02-12 16:51:56.463,2025-02-12 16:51:56.463
cm725f0co0066u6o4d979697v,rakeshverma210@gmail.com,Rakesh Verma,rakeshverma,CITIZEN,2025-02-12 16:51:57.193,2025-02-12 16:51:57.193
cm725f0gs0069u6o40seb3ni7,anitasharma330@gmail.com,Anita Sharma,anitasharma,CITIZEN,2025-02-12 16:51:57.34,2025-02-12 16:51:57.34
cm725f0p4006eu6o47se6iide,vikramkumar347@gmail.com,Vikram Kumar,vikramkumar,CITIZEN,2025-02-12 16:51:57.641,2025-02-12 16:51:57.641
cm725f0xi006ju6o4lt8k68pp,rohityadav542@gmail.com,Rohit Yadav,rohityadav,CITIZEN,2025-02-12 16:51:57.942,2025-02-12 16:51:57.942
cm725f1v50072u6o4nffiw8kr,रामकुमार767@gmail.com,राम कुमार,रामकुमार,CITIZEN,2025-02-12 16:51:59.153,2025-02-12 16:51:59.153
cm725f1zs0075u6o4me8sxps3,पूजायादव600@gmail.com,पूजा यादव,पूजायादव,CITIZEN,2025-02-12 16:51:59.32,2025-02-12 16:51:59.32
cm725f2410078u6o4636uotuq,rahulsharma558@gmail.com,Rahul Sharma,rahulsharma,CITIZEN,2025-02-12 16:51:59.473,2025-02-12 16:51:59.473
cm725f27t007bu6o4icr6g4nt,priyapatel238@gmail.com,Priya Patel,priyapatel,CITIZEN,2025-02-12 16:51:59.609,2025-02-12 16:51:59.609
cm725f2ck007eu6o44chhboqh,anjalidas622@gmail.com,Anjali Das,anjalidas,CITIZEN,2025-02-12 16:51:59.78,2025-02-12 16:51:59.78
cm725f2h1007hu6o4nxs3b0q9,ravisingh255@gmail.com,Ravi Singh,ravisingh,CITIZEN,2025-02-12 16:51:59.942,2025-02-12 16:51:59.942
cm725f2lu007ku6o4c4kk3kvx,meeranair832@gmail.com,Meera Nair,meeranair,CITIZEN,2025-02-12 16:52:00.114,2025-02-12 16:52:00.114
cm725f2po007nu6o4fmamwpx8,arjunmenon844@gmail.com,Arjun Menon,arjunmenon,CITIZEN,2025-02-12 16:52:00.252,2025-02-12 16:52:00.252
cm725f2tt007qu6o4bez55hkl,sureshyadav187@gmail.com,Suresh Yadav,sureshyadav,CITIZEN,2025-02-12 16:52:00.402,2025-02-12 16:52:00.402
cm725f2x3007tu6o4x07tr089,simrankaur885@gmail.com,Simran Kaur,simrankaur,CITIZEN,2025-02-12 16:52:00.519,2025-02-12 16:52:00.519
cm725f30z007wu6o4890gzbkg,vikramchoudhary521@gmail.com,Vikram Choudhary,vikramchoudhary,CITIZEN,2025-02-12 16:52:00.659,2025-02-12 16:52:00.659
cm725f34x007zu6o4ttx7yg6i,poojasharma52@gmail.com,Pooja Sharma,poojasharma,CITIZEN,2025-02-12 16:52:00.802,2025-02-12 16:52:00.802
cm725f38o0082u6o47edcxgkg,amitverma590@gmail.com,Amit Verma,amitverma,CITIZEN,2025-02-12 16:52:00.936,2025-02-12 16:52:00.936
cm725f3co0085u6o4bgbmheqj,rohitgupta371@gmail.com,Rohit Gupta,rohitgupta,CITIZEN,2025-02-12 16:52:01.08,2025-02-12 16:52:01.08
cm725f3gc0088u6o448ixet8v,nehajoshi760@gmail.com,Neha Joshi,nehajoshi,CITIZEN,2025-02-12 16:52:01.212,2025-02-12 16:52:01.212
cm725f3n1008du6o4f2tm09sb,anilsingh448@gmail.com,Anil Singh,anilsingh,CITIZEN,2025-02-12 16:52:01.453,2025-02-12 16:52:01.453
cm725f3qo008gu6o4k2jcomda,rameshtiwari738@gmail.com,Ramesh Tiwari,rameshtiwari,CITIZEN,2025-02-12 16:52:01.585,2025-02-12 16:52:01.585
cm725f3ux008ju6o4shmi1x5q,sunitagupta57@gmail.com,Sunita Gupta,sunitagupta,CITIZEN,2025-02-12 16:52:01.738,2025-02-12 16:52:01.738
cm725f3yx008mu6o4mbfmhr0y,vijaypandey472@gmail.com,Vijay Pandey,vijaypandey,CITIZEN,2025-02-12 16:52:01.881,2025-02-12 16:52:01.881
cm725f41x008pu6o45ta7mw6i,kavitasingh778@gmail.com,Kavita Singh,kavitasingh,CITIZEN,2025-02-12 16:52:01.99,2025-02-12 16:52:01.99
cm725f46g008su6o4uwrwobrs,manojkumar676@gmail.com,Manoj Kumar,manojkumar,CITIZEN,2025-02-12 16:52:02.153,2025-02-12 16:52:02.153
cm725f4ag008vu6o48rmbcd50,poojayadav688@gmail.com,Pooja Yadav,poojayadav,CITIZEN,2025-02-12 16:52:02.296,2025-02-12 16:52:02.296
cm725f4gr0090u6o434u3i3np,anitaverma28@gmail.com,Anita Verma,anitaverma,CITIZEN,2025-02-12 16:52:02.524,2025-02-12 16:52:02.524
cm725f4ki0093u6o46usuq3ci,sanjaysingh739@gmail.com,Sanjay Singh,sanjaysingh,CITIZEN,2025-02-12 16:52:02.658,2025-02-12 16:52:02.658
cm725f4wr009au6o4wv71g3sj,anjalisharma520@gmail.com,Anjali Sharma,anjalisharma,CITIZEN,2025-02-12 16:52:03.099,2025-02-12 16:52:03.099
cm725f51h009du6o459ulgp44,rajeshgupta310@gmail.com,Rajesh Gupta,rajeshgupta,CITIZEN,2025-02-12 16:52:03.269,2025-02-12 16:52:03.269
cm725f55i009gu6o4s77mowir,amityadav475@gmail.com,Amit Yadav,amityadav,CITIZEN,2025-02-12 16:52:03.414,2025-02-12 16:52:03.414
cm725f5dw009lu6o4h3jtobda,sunilsharma558@gmail.com,Sunil Sharma,sunilsharma,CITIZEN,2025-02-12 16:52:03.716,2025-02-12 16:52:03.716
cm725f5i0009ou6o4g86w530y,rakeshtiwari535@gmail.com,Rakesh Tiwari,rakeshtiwari,CITIZEN,2025-02-12 16:52:03.864,2025-02-12 16:52:03.864
cm725f5pl009tu6o40edhczcn,anitasingh101@gmail.com,Anita Singh,anitasingh,CITIZEN,2025-02-12 16:52:04.137,2025-02-12 16:52:04.137
cm725f67200a2u6o4k78buxu5,nehasingh574@gmail.com,Neha Singh,nehasingh,CITIZEN,2025-02-12 16:52:04.767,2025-02-12 16:52:04.767
cm725f71v00ahu6o46gi58jcf,priyaverma807@gmail.com,Priya Verma,priyaverma,CITIZEN,2025-02-12 16:52:05.876,2025-02-12 16:52:05.876
cm725f76900aku6o4l8t44bnc,amitkumar156@gmail.com,Amit Kumar,amitkumar,CITIZEN,2025-02-12 16:52:06.033,2025-02-12 16:52:06.033
cm725fa0b00c1u6o4iigzn7pk,sunitaverma576@gmail.com,Sunita Verma,sunitaverma,CITIZEN,2025-02-12 16:52:09.707,2025-02-12 16:52:09.707
cm725ff6v00ebu6o4rs0chdpn,nisharani526@gmail.com,Nisha Rani,nisharani,CITIZEN,2025-02-12 16:52:16.424,2025-02-12 16:52:16.424
cm725ffe300eeu6o4oyaiou4z,pradeepkumar238@gmail.com,Pradeep Kumar,pradeepkumar,CITIZEN,2025-02-12 16:52:16.684,2025-02-12 16:52:16.684
cm725ffkd00ehu6o4q2xjnctf,renukumari581@gmail.com,Renu Kumari,renukumari,CITIZEN,2025-02-12 16:52:16.909,2025-02-12 16:52:16.909
cm725ffp800eku6o4mglbkqzk,vikaskumar802@gmail.com,Vikas Kumar,vikaskumar,CITIZEN,2025-02-12 16:52:17.084,2025-02-12 16:52:17.084
cm725ffu900enu6o49wzi9cvr,jyotikumari422@gmail.com,Jyoti Kumari,jyotikumari,CITIZEN,2025-02-12 16:52:17.265,2025-02-12 16:52:17.265
cm725fg0000equ6o4th3hhuk2,amitsoni73@gmail.com,Amit Soni,amitsoni,CITIZEN,2025-02-12 16:52:17.472,2025-02-12 16:52:17.472
cm725fg4700etu6o4976mwops,sushiladevi825@gmail.com,Sushila Devi,sushiladevi,CITIZEN,2025-02-12 16:52:17.623,2025-02-12 16:52:17.623
cm725fgg200eyu6o4rx6e64mo,sumanrani512@gmail.com,Suman Rani,sumanrani,CITIZEN,2025-02-12 16:52:18.05,2025-02-12 16:52:18.05
cm725fgta00f5u6o4grjqg5rs,sumansingh142@gmail.com,Suman Singh,sumansingh,CITIZEN,2025-02-12 16:52:18.526,2025-02-12 16:52:18.526
cm725fh0n00f8u6o498xg1r2l,rakhirani705@gmail.com,Rakhi Rani,rakhirani,CITIZEN,2025-02-12 16:52:18.791,2025-02-12 16:52:18.791
cm725fh4i00fbu6o4tuuap66i,rajkumar652@gmail.com,Raj Kumar,rajkumar,CITIZEN,2025-02-12 16:52:18.93,2025-02-12 16:52:18.93
cm725fh8r00feu6o4er6dsjai,shaliniyadav524@gmail.com,Shalini Yadav,shaliniyadav,CITIZEN,2025-02-12 16:52:19.084,2025-02-12 16:52:19.084
cm725fhdv00fhu6o4ekf52n75,vinodsharma416@gmail.com,Vinod Sharma,vinodsharma,CITIZEN,2025-02-12 16:52:19.267,2025-02-12 16:52:19.267
cm725fhkv00fku6o4pb31lmwh,priyakumari791@gmail.com,Priya Kumari,priyakumari,CITIZEN,2025-02-12 16:52:19.52,2025-02-12 16:52:19.52
cm725fhrf00fnu6o4pkg2cd5u,shyamkumar50@gmail.com,Shyam Kumar,shyamkumar,CITIZEN,2025-02-12 16:52:19.755,2025-02-12 16:52:19.755
cm725fhxg00fqu6o4onsoxav3,nehagupta332@gmail.com,Neha Gupta,nehagupta,CITIZEN,2025-02-12 16:52:19.972,2025-02-12 16:52:19.972
cm725fi2900ftu6o4z2b4gk0q,vijaysingh620@gmail.com,Vijay Singh,vijaysingh,CITIZEN,2025-02-12 16:52:20.145,2025-02-12 16:52:20.145
cm725fi7v00fwu6o4wssivww4,seemadevi237@gmail.com,Seema Devi,seemadevi,CITIZEN,2025-02-12 16:52:20.347,2025-02-12 16:52:20.347
cm725fikd00g1u6o4ct2k6wc5,anjalikumari861@gmail.com,Anjali Kumari,anjalikumari,CITIZEN,2025-02-12 16:52:20.797,2025-02-12 16:52:20.797
cm725fiur00g6u6o4z0g4ml7s,ravikumar235@gmail.com,Ravi Kumar,ravikumar,CITIZEN,2025-02-12 16:52:21.171,2025-02-12 16:52:21.171
cm725fj1u00g9u6o4pbjkducq,kavitakumari238@gmail.com,Kavita Kumari,kavitakumari,CITIZEN,2025-02-12 16:52:21.427,2025-02-12 16:52:21.427
cm725fj8i00gcu6o45f9tug8h,surajkumar867@gmail.com,Suraj Kumar,surajkumar,CITIZEN,2025-02-12 16:52:21.666,2025-02-12 16:52:21.666
cm725fjdi00gfu6o4u4jm9dqr,alokyadav782@gmail.com,Alok Yadav,alokyadav,CITIZEN,2025-02-12 16:52:21.846,2025-02-12 16:52:21.846
cm725fjhh00giu6o4b1kc37ek,neelamsingh156@gmail.com,Neelam Singh,neelamsingh,CITIZEN,2025-02-12 16:52:21.989,2025-02-12 16:52:21.989
cm725fjp500glu6o41jvpfq6x,ritakumari903@gmail.com,Rita Kumari,ritakumari,CITIZEN,2025-02-12 16:52:22.265,2025-02-12 16:52:22.265
cm725fjxu00gqu6o4b6c9bmui,rajeevyadav301@gmail.com,Rajeev Yadav,rajeevyadav,CITIZEN,2025-02-12 16:52:22.578,2025-02-12 16:52:22.578
cm725fk6400gvu6o45uwcj8ix,shivendrayadav114@gmail.com,Shivendra Yadav,shivendrayadav,CITIZEN,2025-02-12 16:52:22.877,2025-02-12 16:52:22.877
cm725fkb400gyu6o4c0q3bny6,rashmirani143@gmail.com,Rashmi Rani,rashmirani,CITIZEN,2025-02-12 16:52:23.057,2025-02-12 16:52:23.057
cm725fkm600h3u6o4etvgs877,kirankumari132@gmail.com,Kiran Kumari,kirankumari,CITIZEN,2025-02-12 16:52:23.455,2025-02-12 16:52:23.455
cm725fkrh00h6u6o4hwx6eh9n,bharatkumar362@gmail.com,Bharat Kumar,bharatkumar,CITIZEN,2025-02-12 16:52:23.645,2025-02-12 16:52:23.645
cm725fkwn00h9u6o434b6te0y,poonamdevi270@gmail.com,Poonam Devi,poonamdevi,CITIZEN,2025-02-12 16:52:23.831,2025-02-12 16:52:23.831
cm725fl7v00hdu6o42vej4ldj,jitendrasingh18@gmail.com,Jitendra Singh,jitendrasingh,CITIZEN,2025-02-12 16:52:24.235,2025-02-12 16:52:24.235
cm725flbk00hgu6o4rwyvldw9,nishakumari812@gmail.com,Nisha Kumari,nishakumari,CITIZEN,2025-02-12 16:52:24.369,2025-02-12 16:52:24.369
cm725flhx00hju6o41x66lshh,sandeepverma621@gmail.com,Sandeep Verma,sandeepverma,CITIZEN,2025-02-12 16:52:24.597,2025-02-12 16:52:24.597
cm725flom00hmu6o4gaydk2u4,sumandevi217@gmail.com,Suman Devi,sumandevi,CITIZEN,2025-02-12 16:52:24.838,2025-02-12 16:52:24.838
cm725fltf00hpu6o4ifr8yhl2,harishkumar703@gmail.com,Harish Kumar,harishkumar,CITIZEN,2025-02-12 16:52:25.012,2025-02-12 16:52:25.012
cm725flys00hsu6o4zk94uxmn,pankajmishra782@gmail.com,Pankaj Mishra,pankajmishra,CITIZEN,2025-02-12 16:52:25.204,2025-02-12 16:52:25.204
cm725fm5200hvu6o4jf82kfsu,neelamyadav774@gmail.com,Neelam Yadav,neelamyadav,CITIZEN,2025-02-12 16:52:25.43,2025-02-12 16:52:25.43
cm725fmgp00i0u6o4k34w7o30,harpreetsingh540@gmail.com,Harpreet Singh,harpreetsingh,CITIZEN,2025-02-12 16:52:25.849,2025-02-12 16:52:25.849
cm725fmku00i3u6o4lzdyqako,vinodkumar523@gmail.com,Vinod Kumar,vinodkumar,CITIZEN,2025-02-12 16:52:25.998,2025-02-12 16:52:25.998
cm725fmp800i6u6o4ak7la5fe,laxmipatel499@gmail.com,Laxmi Patel,laxmipatel,CITIZEN,2025-02-12 16:52:26.156,2025-02-12 16:52:26.156
cm725fmui00i9u6o4a3izohda,deepakkumar369@gmail.com,Deepak Kumar,deepakkumar,CITIZEN,2025-02-12 16:52:26.346,2025-02-12 16:52:26.346
cm725fmzq00icu6o4g6wp6zny,kritiyadav520@gmail.com,Kriti Yadav,kritiyadav,CITIZEN,2025-02-12 16:52:26.535,2025-02-12 16:52:26.535
cm725fn6j00ifu6o4ptu574d1,vikramraj690@gmail.com,Vikram Raj,vikramraj,CITIZEN,2025-02-12 16:52:26.78,2025-02-12 16:52:26.78
cm725fnbk00iiu6o4t0mfcbfz,shyamsingh136@gmail.com,Shyam Singh,shyamsingh,CITIZEN,2025-02-12 16:52:26.961,2025-02-12 16:52:26.961
cm725fngk00ilu6o4341wzyp0,vishalyadav137@gmail.com,Vishal Yadav,vishalyadav,CITIZEN,2025-02-12 16:52:27.14,2025-02-12 16:52:27.14
cm725fnmu00iou6o41d8rqzqs,ruchirani493@gmail.com,Ruchi Rani,ruchirani,CITIZEN,2025-02-12 16:52:27.367,2025-02-12 16:52:27.367
cm725fo0n00ivu6o4vgcwf88g,poonamverma480@gmail.com,Poonam Verma,poonamverma,CITIZEN,2025-02-12 16:52:27.863,2025-02-12 16:52:27.863
cm725fo5d00iyu6o4lga2chnf,nandinigupta164@gmail.com,Nandini Gupta,nandinigupta,CITIZEN,2025-02-12 16:52:28.033,2025-02-12 16:52:28.033
cm725foih00j5u6o47kpg2ojk,meenakumari437@gmail.com,Meena Kumari,meenakumari,CITIZEN,2025-02-12 16:52:28.505,2025-02-12 16:52:28.505
cm725fonj00j8u6o4afiuqa2s,rakeshsoni234@gmail.com,Rakesh Soni,rakeshsoni,CITIZEN,2025-02-12 16:52:28.687,2025-02-12 16:52:28.687
cm725foyr00jbu6o4bmvb9fbd,shivanisingh76@gmail.com,Shivani Singh,shivanisingh,CITIZEN,2025-02-12 16:52:29.092,2025-02-12 16:52:29.092
cm725fpcy00jiu6o475jmee2o,sushmayadav809@gmail.com,Sushma Yadav,sushmayadav,CITIZEN,2025-02-12 16:52:29.602,2025-02-12 16:52:29.602
cm725fpj200jlu6o48000x1nh,ajaymishra752@gmail.com,Ajay Mishra,ajaymishra,CITIZEN,2025-02-12 16:52:29.823,2025-02-12 16:52:29.823
cm725fpqb00jou6o4q1yz9l28,riturani619@gmail.com,Ritu Rani,riturani,CITIZEN,2025-02-12 16:52:30.083,2025-02-12 16:52:30.083
cm725fq8d00jxu6o4o6afpu04,shalinigupta730@gmail.com,Shalini Gupta,shalinigupta,CITIZEN,2025-02-12 16:52:30.733,2025-02-12 16:52:30.733
cm725fqb700k0u6o4n6rhn55n,nikhilsoni865@gmail.com,Nikhil Soni,nikhilsoni,CITIZEN,2025-02-12 16:52:30.836,2025-02-12 16:52:30.836
cm725fqfs00k3u6o4rvszmtmz,neelamdevi147@gmail.com,Neelam Devi,neelamdevi,CITIZEN,2025-02-12 16:52:31,2025-02-12 16:52:31
cm725fqki00k6u6o41a266rdr,kartikpatel836@gmail.com,Kartik Patel,kartikpatel,CITIZEN,2025-02-12 16:52:31.17,2025-02-12 16:52:31.17
cm725fqvn00kbu6o45v3v6bfa,seemakumari538@gmail.com,Seema Kumari,seemakumari,CITIZEN,2025-02-12 16:52:31.571,2025-02-12 16:52:31.571
cm725fr0t00keu6o4kfeibzmz,saurabhmishra489@gmail.com,Saurabh Mishra,saurabhmishra,CITIZEN,2025-02-12 16:52:31.758,2025-02-12 16:52:31.758
cm725frh500knu6o4j5l1dn1b,poojarani868@gmail.com,Pooja Rani,poojarani,CITIZEN,2025-02-12 16:52:32.346,2025-02-12 16:52:32.346
cm725frmr00kqu6o4sicqsn7s,shyamsundar88@gmail.com,Shyam Sundar,shyamsundar,CITIZEN,2025-02-12 16:52:32.547,2025-02-12 16:52:32.547
cm725frsk00ktu6o4q3xexc8c,rajeevverma734@gmail.com,Rajeev Verma,rajeevverma,CITIZEN,2025-02-12 16:52:32.756,2025-02-12 16:52:32.756
cm725fs2e00kyu6o4p7bhhndn,sunilverma906@gmail.com,Sunil Verma,sunilverma,CITIZEN,2025-02-12 16:52:33.11,2025-02-12 16:52:33.11
cm725fsng00l9u6o47n2xgem9,nehasharma308@gmail.com,Neha Sharma,nehasharma,CITIZEN,2025-02-12 16:52:33.869,2025-02-12 16:52:33.869
cm725ftho00lou6o4hkyc19kc,vikramverma108@gmail.com,Vikram Verma,vikramverma,CITIZEN,2025-02-12 16:52:34.957,2025-02-12 16:52:34.957
cm725ftz300lxu6o45fq5jq6s,sunilyadav396@gmail.com,Sunil Yadav,sunilyadav,CITIZEN,2025-02-12 16:52:35.584,2025-02-12 16:52:35.584
cm725fuj900m6u6o4t05efsvu,nehaverma153@gmail.com,Neha Verma,nehaverma,CITIZEN,2025-02-12 16:52:36.309,2025-02-12 16:52:36.309
cm725fvvg00mtu6o4cpabq1b5,sunilkumar53@gmail.com,Sunil Kumar,sunilkumar,CITIZEN,2025-02-12 16:52:38.044,2025-02-12 16:52:38.044
cm725fwlr00n6u6o4fkqgna0l,priyasharma478@gmail.com,Priya Sharma,priyasharma,CITIZEN,2025-02-12 16:52:38.992,2025-02-12 16:52:38.992
cm725g00800oou6o4xpyu3qcd,sanjayyadav531@gmail.com,Sanjay Yadav,sanjayyadav,CITIZEN,2025-02-12 16:52:43.4,2025-02-12 16:52:43.4
cm725g0dh00ovu6o4m21pgwzx,vijaysharma280@gmail.com,Vijay Sharma,vijaysharma,CITIZEN,2025-02-12 16:52:43.878,2025-02-12 16:52:43.878
cm725g0lu00oyu6o4is4wx4t9,sureshverma221@gmail.com,Suresh Verma,sureshverma,CITIZEN,2025-02-12 16:52:44.176,2025-02-12 16:52:44.176
cm725g11700p3u6o4fjyyfwrg,anilgupta649@gmail.com,Anil Gupta,anilgupta,CITIZEN,2025-02-12 16:52:44.732,2025-02-12 16:52:44.732
cm725g16600p6u6o44jkzah84,rajeshyadav602@gmail.com,Rajesh Yadav,rajeshyadav,CITIZEN,2025-02-12 16:52:44.911,2025-02-12 16:52:44.911
cm725g1og00phu6o4zh6rk7qg,sureshsingh389@gmail.com,Suresh Singh,sureshsingh,CITIZEN,2025-02-12 16:52:45.568,2025-02-12 16:52:45.568
cm725g2qr00pwu6o4s19pmfay,vijayverma699@gmail.com,Vijay Verma,vijayverma,CITIZEN,2025-02-12 16:52:46.948,2025-02-12 16:52:46.948
cm725g2vg00pzu6o4pkl85lei,rajeshverma336@gmail.com,Rajesh Verma,rajeshverma,CITIZEN,2025-02-12 16:52:47.117,2025-02-12 16:52:47.117
cm725g32z00q3u6o49lkygnnz,sakshigupta84@gmail.com,Sakshi Gupta,sakshigupta,CITIZEN,2025-02-12 16:52:47.387,2025-02-12 16:52:47.387
cm725g3pg00qgu6o4dvuhcq7d,shubhamsharma112@gmail.com,Shubham Sharma,shubhamsharma,CITIZEN,2025-02-12 16:52:48.196,2025-02-12 16:52:48.196
cm725g3uh00qju6o459fxakbz,nishayadav617@gmail.com,Nisha Yadav,nishayadav,CITIZEN,2025-02-12 16:52:48.378,2025-02-12 16:52:48.378
cm725g3z700qmu6o4h6ge3oiu,alokkumar780@gmail.com,Alok Kumar,alokkumar,CITIZEN,2025-02-12 16:52:48.547,2025-02-12 16:52:48.547
cm725g6vy00s7u6o4n4c076y7,महेशयादव727@gmail.com,महेश यादव,महेशयादव,CITIZEN,2025-02-12 16:52:52.318,2025-02-12 16:52:52.318
cm725g6zv00sau6o4pj4xe0ie,शीतलशर्मा312@gmail.com,शीतल शर्मा,शीतलशर्मा,CITIZEN,2025-02-12 16:52:52.46,2025-02-12 16:52:52.46
cm725g73z00sdu6o465ndw0zq,राकेशकुमार852@gmail.com,राकेश कुमार,राकेशकुमार,CITIZEN,2025-02-12 16:52:52.607,2025-02-12 16:52:52.607
cm725g78900sgu6o4yxh2hp5f,मोहनतिवारी237@gmail.com,मोहन तिवारी,मोहनतिवारी,CITIZEN,2025-02-12 16:52:52.762,2025-02-12 16:52:52.762
cm725g7cc00sju6o4rbb2aw7c,रजनीकुमारी524@gmail.com,रजनी कुमारी,रजनीकुमारी,CITIZEN,2025-02-12 16:52:52.908,2025-02-12 16:52:52.908
cm725g7gx00smu6o4kba3fxag,करणकुमार726@gmail.com,करण कुमार,करणकुमार,CITIZEN,2025-02-12 16:52:53.073,2025-02-12 16:52:53.073
cm725g7kc00spu6o4qfgc2e2p,दीपिकाशर्मा676@gmail.com,दीपिका शर्मा,दीपिकाशर्मा,CITIZEN,2025-02-12 16:52:53.196,2025-02-12 16:52:53.196
cm725g7nt00ssu6o4vbzqjfp8,ramsingh232@gmail.com,Ram Singh,ramsingh,CITIZEN,2025-02-12 16:52:53.321,2025-02-12 16:52:53.321
cm725g7tk00sxu6o4994gqje3,manojverma824@gmail.com,Manoj Verma,manojverma,CITIZEN,2025-02-12 16:52:53.528,2025-02-12 16:52:53.528
cm725g7wr00t0u6o4fll2nmtb,sumansharma299@gmail.com,Suman Sharma,sumansharma,CITIZEN,2025-02-12 16:52:53.644,2025-02-12 16:52:53.644
cm725g82l00t5u6o4e2n3xcku,neharani764@gmail.com,Neha Rani,neharani,CITIZEN,2025-02-12 16:52:53.853,2025-02-12 16:52:53.853
cm725g86300t8u6o43duwftbs,rajeevmishra776@gmail.com,Rajeev Mishra,rajeevmishra,CITIZEN,2025-02-12 16:52:53.979,2025-02-12 16:52:53.979
cm725g8bb00tcu6o4fsj8egcy,surajpandey759@gmail.com,Suraj Pandey,surajpandey,CITIZEN,2025-02-12 16:52:54.168,2025-02-12 16:52:54.168
cm725g8f500tfu6o4hpkp9dzw,laxmidevi877@gmail.com,Laxmi Devi,laxmidevi,CITIZEN,2025-02-12 16:52:54.305,2025-02-12 16:52:54.305
cm725g8n500tku6o46sxbbn7b,rekhayadav872@gmail.com,Rekha Yadav,rekhayadav,CITIZEN,2025-02-12 16:52:54.593,2025-02-12 16:52:54.593
cm725g8qz00tnu6o4med8sh64,shubhamsingh254@gmail.com,Shubham Singh,shubhamsingh,CITIZEN,2025-02-12 16:52:54.731,2025-02-12 16:52:54.731
cm725g8wv00tsu6o4jz7i84r4,gauravchoudhary426@gmail.com,Gaurav Choudhary,gauravchoudhary,CITIZEN,2025-02-12 16:52:54.943,2025-02-12 16:52:54.943
cm725g90000tvu6o4ekx8bycm,seemarani175@gmail.com,Seema Rani,seemarani,CITIZEN,2025-02-12 16:52:55.056,2025-02-12 16:52:55.056
cm725g99r00u2u6o4orqbl58b,anjalisingh125@gmail.com,Anjali Singh,anjalisingh,CITIZEN,2025-02-12 16:52:55.407,2025-02-12 16:52:55.407
cm725g9cv00u5u6o40h7z9nvx,vikrampatel351@gmail.com,Vikram Patel,vikrampatel,CITIZEN,2025-02-12 16:52:55.519,2025-02-12 16:52:55.519
cm725g9gc00u8u6o49oyx166r,sudhirkapoor542@gmail.com,Sudhir Kapoor,sudhirkapoor,CITIZEN,2025-02-12 16:52:55.644,2025-02-12 16:52:55.644
cm725g9kc00ubu6o4f03mv7ev,rohitmehta859@gmail.com,Rohit Mehta,rohitmehta,CITIZEN,2025-02-12 16:52:55.788,2025-02-12 16:52:55.788
cm725gadx00uqu6o4afewh89f,rajatverma539@gmail.com,Rajat Verma,rajatverma,CITIZEN,2025-02-12 16:52:56.854,2025-02-12 16:52:56.854
cm725gai700utu6o4x2uzrkhv,ankitkumar764@gmail.com,Ankit Kumar,ankitkumar,CITIZEN,2025-02-12 16:52:57.007,2025-02-12 16:52:57.007
cm725gbba00v8u6o4dy553qbt,ankitsharma143@gmail.com,Ankit Sharma,ankitsharma,CITIZEN,2025-02-12 16:52:58.054,2025-02-12 16:52:58.054
cm725gbgn00vbu6o4ctynedgt,maheshyadav132@gmail.com,Mahesh Yadav,maheshyadav,CITIZEN,2025-02-12 16:52:58.248,2025-02-12 16:52:58.248
cm725gbjy00veu6o4kv67wlc2,sheetalsharma445@gmail.com,Sheetal Sharma,sheetalsharma,CITIZEN,2025-02-12 16:52:58.367,2025-02-12 16:52:58.367
cm725gbrl00vju6o48m2uyiek,mohantiwari866@gmail.com,Mohan Tiwari,mohantiwari,CITIZEN,2025-02-12 16:52:58.642,2025-02-12 16:52:58.642
cm725gbwi00vmu6o4za5bq83m,rajnikumari410@gmail.com,Rajni Kumari,rajnikumari,CITIZEN,2025-02-12 16:52:58.819,2025-02-12 16:52:58.819
cm725gbzo00vpu6o4fn7aybgv,karankumar599@gmail.com,Karan Kumar,karankumar,CITIZEN,2025-02-12 16:52:58.932,2025-02-12 16:52:58.932
cm725gc3f00vsu6o468p8gv01,deepikasharma596@gmail.com,Deepika Sharma,deepikasharma,CITIZEN,2025-02-12 16:52:59.068,2025-02-12 16:52:59.068
cm725gg0d00ybu6o4frx1w1v8,गोलूयादव142@gmail.com,गोलू यादव,गोलूयादव,CITIZEN,2025-02-12 16:53:04.142,2025-02-12 16:53:04.142
cm725gg3v00yeu6o4wq7q7s6w,शिल्पादेवी534@gmail.com,शिल्पा देवी,शिल्पादेवी,CITIZEN,2025-02-12 16:53:04.267,2025-02-12 16:53:04.267
cm725gg7000yhu6o4hcp4hau0,सोनूकुमार513@gmail.com,सोनू कुमार,सोनूकुमार,CITIZEN,2025-02-12 16:53:04.38,2025-02-12 16:53:04.38
cm725gga800yku6o4s7rzp8pw,कृष्णादेवी526@gmail.com,कृष्णा देवी,कृष्णादेवी,CITIZEN,2025-02-12 16:53:04.496,2025-02-12 16:53:04.496
cm725ggdw00ynu6o4acw588wi,वीरेंद्रयादव300@gmail.com,वीरेंद्र यादव,वीरेंद्रयादव,CITIZEN,2025-02-12 16:53:04.629,2025-02-12 16:53:04.629
cm725gght00yqu6o4q1x5meyg,सुमित्रादेवी843@gmail.com,सुमित्रा देवी,सुमित्रादेवी,CITIZEN,2025-02-12 16:53:04.77,2025-02-12 16:53:04.77
cm725ggmu00ytu6o4et8k4rsr,दीपककुमार820@gmail.com,दीपक कुमार,दीपककुमार,CITIZEN,2025-02-12 16:53:04.95,2025-02-12 16:53:04.95
cm725ggq500ywu6o40ojub71l,कुसुमदेवी852@gmail.com,कुसुम देवी,कुसुमदेवी,CITIZEN,2025-02-12 16:53:05.069,2025-02-12 16:53:05.069
cm725ggwd00z1u6o4afi3szim,कुमारीसाक्षी541@gmail.com,कुमारी साक्षी,कुमारीसाक्षी,CITIZEN,2025-02-12 16:53:05.294,2025-02-12 16:53:05.294
cm725gh6a00z7u6o4lfcbobgi,mukeshsingh87@gmail.com,Mukesh Singh,mukeshsingh,CITIZEN,2025-02-12 16:53:05.65,2025-02-12 16:53:05.65
cm725ghd600zcu6o4ccqjh9kq,rajeevbhardwaj784@gmail.com,Rajeev Bhardwaj,rajeevbhardwaj,CITIZEN,2025-02-12 16:53:05.898,2025-02-12 16:53:05.898
cm725ghk900zgu6o497qf3ptn,vikrampandey86@gmail.com,Vikram Pandey,vikrampandey,CITIZEN,2025-02-12 16:53:06.154,2025-02-12 16:53:06.154
cm725ghnq00zju6o4fzzqhpet,komalverma316@gmail.com,Komal Verma,komalverma,CITIZEN,2025-02-12 16:53:06.278,2025-02-12 16:53:06.278
cm725ghqs00zmu6o4a34ar4mv,deepaktiwari881@gmail.com,Deepak Tiwari,deepaktiwari,CITIZEN,2025-02-12 16:53:06.389,2025-02-12 16:53:06.389
cm725ghu800zpu6o42bhwmsvl,priyachaudhary649@gmail.com,Priya Chaudhary,priyachaudhary,CITIZEN,2025-02-12 16:53:06.512,2025-02-12 16:53:06.512
cm725ghys00zsu6o42kwwuvtq,vishalgupta23@gmail.com,Vishal Gupta,vishalgupta,CITIZEN,2025-02-12 16:53:06.677,2025-02-12 16:53:06.677
cm725gi2c00zvu6o4iez2rkyr,savitrisingh356@gmail.com,Savitri Singh,savitrisingh,CITIZEN,2025-02-12 16:53:06.805,2025-02-12 16:53:06.805
cm725gia10100u6o4rpxqoul1,poonamyadav220@gmail.com,Poonam Yadav,poonamyadav,CITIZEN,2025-02-12 16:53:07.082,2025-02-12 16:53:07.082
cm725gifj0105u6o4wl9u1uuq,priyankaverma693@gmail.com,Priyanka Verma,priyankaverma,CITIZEN,2025-02-12 16:53:07.28,2025-02-12 16:53:07.28
cm725gij10108u6o4565bxnqt,amitpandey387@gmail.com,Amit Pandey,amitpandey,CITIZEN,2025-02-12 16:53:07.406,2025-02-12 16:53:07.406
cm725gimf010bu6o4gnpjsog6,sunitachaudhary239@gmail.com,Sunita Chaudhary,sunitachaudhary,CITIZEN,2025-02-12 16:53:07.527,2025-02-12 16:53:07.527
cm725giq4010eu6o41okknhcy,nikhilsharma750@gmail.com,Nikhil Sharma,nikhilsharma,CITIZEN,2025-02-12 16:53:07.66,2025-02-12 16:53:07.66
cm725git4010hu6o4vm3cfzqg,sarikarai806@gmail.com,Sarika Rai,sarikarai,CITIZEN,2025-02-12 16:53:07.768,2025-02-12 16:53:07.768
cm725gl8a011yu6o4biniyhnp,संदीपकुमार550@gmail.com,संदीप कुमार,संदीपकुमार,CITIZEN,2025-02-12 16:53:10.906,2025-02-12 16:53:10.906
cm725glbt0121u6o426hfs2n3,अलकादेवी632@gmail.com,अलका देवी,अलकादेवी,CITIZEN,2025-02-12 16:53:11.033,2025-02-12 16:53:11.033
cm725glf80124u6o4v0ijixeb,राजेशकुमार307@gmail.com,राजेश कुमार,राजेशकुमार,CITIZEN,2025-02-12 16:53:11.156,2025-02-12 16:53:11.156
cm725glji0127u6o4i9nir1bq,रानीकुमारी436@gmail.com,रानी कुमारी,रानीकुमारी,CITIZEN,2025-02-12 16:53:11.31,2025-02-12 16:53:11.31
cm725gln3012au6o4rx5o2yv0,सुरेशयादव723@gmail.com,सुरेश यादव,सुरेशयादव,CITIZEN,2025-02-12 16:53:11.439,2025-02-12 16:53:11.439
cm725glqz012du6o4vpntpp0k,राहुलतिवारी164@gmail.com,राहुल तिवारी,राहुलतिवारी,CITIZEN,2025-02-12 16:53:11.579,2025-02-12 16:53:11.579
cm725gluq012gu6o4j5dv7hni,लक्ष्मीदेवी865@gmail.com,लक्ष्मी देवी,लक्ष्मीदेवी,CITIZEN,2025-02-12 16:53:11.715,2025-02-12 16:53:11.715
cm725glyy012ju6o4pfp2vc2b,अनितासिंह682@gmail.com,अनिता सिंह,अनितासिंह,CITIZEN,2025-02-12 16:53:11.867,2025-02-12 16:53:11.867
cm725gm2x012mu6o450oc12ry,आशीषकुमार124@gmail.com,आशीष कुमार,आशीषकुमार,CITIZEN,2025-02-12 16:53:12.009,2025-02-12 16:53:12.009
cm725gm6v012pu6o40a4ofzvp,विक्रमशर्मा891@gmail.com,विक्रम शर्मा,विक्रमशर्मा,CITIZEN,2025-02-12 16:53:12.152,2025-02-12 16:53:12.152
cm725gmaz012su6o4yhw0dq2t,अर्चनादेवी277@gmail.com,अर्चना देवी,अर्चनादेवी,CITIZEN,2025-02-12 16:53:12.299,2025-02-12 16:53:12.299
cm725gmfc012vu6o4qwse4h7v,नीरजकुमार247@gmail.com,नीरज कुमार,नीरजकुमार,CITIZEN,2025-02-12 16:53:12.457,2025-02-12 16:53:12.457
cm725gmjn012yu6o4dg82p2zv,सिमावर्मा85@gmail.com,सिमा वर्मा,सिमावर्मा,CITIZEN,2025-02-12 16:53:12.612,2025-02-12 16:53:12.612
cm725gmok0131u6o4o1rcje8f,रवींद्रकुमार781@gmail.com,रवींद्र कुमार,रवींद्रकुमार,CITIZEN,2025-02-12 16:53:12.788,2025-02-12 16:53:12.788
cm725gmu80134u6o4qpwzl91n,सारिकासिंह141@gmail.com,सारिका सिंह,सारिकासिंह,CITIZEN,2025-02-12 16:53:12.992,2025-02-12 16:53:12.992
cm725gmz20137u6o4hvn9qf2z,शिवकुमार356@gmail.com,शिव कुमार,शिवकुमार,CITIZEN,2025-02-12 16:53:13.167,2025-02-12 16:53:13.167
cm725gn41013au6o42fkassk6,अनितादेवी840@gmail.com,अनिता देवी,अनितादेवी,CITIZEN,2025-02-12 16:53:13.345,2025-02-12 16:53:13.345
cm725gn96013du6o45h88yvbw,विनयसिंह686@gmail.com,विनय सिंह,विनयसिंह,CITIZEN,2025-02-12 16:53:13.53,2025-02-12 16:53:13.53
cm725gne1013gu6o4bz6dshgp,पारुलशर्मा679@gmail.com,पारुल शर्मा,पारुलशर्मा,CITIZEN,2025-02-12 16:53:13.706,2025-02-12 16:53:13.706
cm725gni6013ju6o4pwv2u08t,कृष्णकुमार752@gmail.com,कृष्ण कुमार,कृष्णकुमार,CITIZEN,2025-02-12 16:53:13.855,2025-02-12 16:53:13.855
cm725gnly013mu6o4c1xbqfm0,रेखावर्मा94@gmail.com,रेखा वर्मा,रेखावर्मा,CITIZEN,2025-02-12 16:53:13.99,2025-02-12 16:53:13.99
cm725gnqy013pu6o46epi99gg,अमितकुमार759@gmail.com,अमित कुमार,अमितकुमार,CITIZEN,2025-02-12 16:53:14.17,2025-02-12 16:53:14.17
cm725gnwz013su6o4t54bsjsc,दियादेवी131@gmail.com,दिया देवी,दियादेवी,CITIZEN,2025-02-12 16:53:14.387,2025-02-12 16:53:14.387
cm725go22013vu6o4dmgq39oq,संदीपयादव679@gmail.com,संदीप यादव,संदीपयादव,CITIZEN,2025-02-12 16:53:14.57,2025-02-12 16:53:14.57
cm725go5q013yu6o4n2xg0ojj,काजलशर्मा65@gmail.com,काजल शर्मा,काजलशर्मा,CITIZEN,2025-02-12 16:53:14.702,2025-02-12 16:53:14.702
cm725go9j0141u6o4t96c36qk,रमेशकुमार326@gmail.com,रमेश कुमार,रमेशकुमार,CITIZEN,2025-02-12 16:53:14.839,2025-02-12 16:53:14.839
cm725goeo0144u6o4ogrmiokx,पूनमकुमारी814@gmail.com,पूनम कुमारी,पूनमकुमारी,CITIZEN,2025-02-12 16:53:15.024,2025-02-12 16:53:15.024
cm725goic0147u6o42fsnuo24,राजेंद्रयादव228@gmail.com,राजेंद्र यादव,राजेंद्रयादव,CITIZEN,2025-02-12 16:53:15.156,2025-02-12 16:53:15.156
cm725gonq014au6o45vt9exid,विनोदवर्मा692@gmail.com,विनोद वर्मा,विनोदवर्मा,CITIZEN,2025-02-12 16:53:15.351,2025-02-12 16:53:15.351
cm725goqn014du6o4bs666v7d,सारिकातिवारी86@gmail.com,सारिका तिवारी,सारिकातिवारी,CITIZEN,2025-02-12 16:53:15.455,2025-02-12 16:53:15.455
cm725goux014gu6o4qel4sbxh,आशीषसिंह353@gmail.com,आशीष सिंह,आशीषसिंह,CITIZEN,2025-02-12 16:53:15.61,2025-02-12 16:53:15.61
cm725goyb014ju6o4tb22smqo,सुषमादेवी572@gmail.com,सुषमा देवी,सुषमादेवी,CITIZEN,2025-02-12 16:53:15.731,2025-02-12 16:53:15.731
cm725gphu014qu6o41gy3c3hs,amitsharma823@gmail.com,Amit Sharma,amitsharma,CITIZEN,2025-02-12 16:53:16.434,2025-02-12 16:53:16.434
cm725gry40161u6o4ruhms0iy,विशालचौधरी471@gmail.com,विशाल चौधरी,विशालचौधरी,CITIZEN,2025-02-12 16:53:19.612,2025-02-12 16:53:19.612
cm725gs1e0164u6o4tk5iehk4,किरणकुमारी57@gmail.com,किरण कुमारी,किरणकुमारी,CITIZEN,2025-02-12 16:53:19.73,2025-02-12 16:53:19.73
cm725gs6i0167u6o4rf8sfl3h,पंकजगुप्ता517@gmail.com,पंकज गुप्ता,पंकजगुप्ता,CITIZEN,2025-02-12 16:53:19.914,2025-02-12 16:53:19.914
cm725gsbk016au6o47mckqc2h,सुनीतावर्मा585@gmail.com,सुनीता वर्मा,सुनीतावर्मा,CITIZEN,2025-02-12 16:53:20.097,2025-02-12 16:53:20.097
cm725gsgx016du6o4k1qkun2f,मनोजमिश्रा837@gmail.com,मनोज मिश्रा,मनोजमिश्रा,CITIZEN,2025-02-12 16:53:20.289,2025-02-12 16:53:20.289
cm725gskr016gu6o4rw541sys,रीनायादव215@gmail.com,रीना यादव,रीनायादव,CITIZEN,2025-02-12 16:53:20.427,2025-02-12 16:53:20.427
cm725gsp0016ju6o4pd30toci,कुणालकुमार512@gmail.com,कुणाल कुमार,कुणालकुमार,CITIZEN,2025-02-12 16:53:20.581,2025-02-12 16:53:20.581
cm725gst1016mu6o40nmioee9,नीतूसिंह750@gmail.com,नीतू सिंह,नीतूसिंह,CITIZEN,2025-02-12 16:53:20.726,2025-02-12 16:53:20.726
cm725gsxu016pu6o4myc3udxk,रघवसिंह247@gmail.com,रघव सिंह,रघवसिंह,CITIZEN,2025-02-12 16:53:20.898,2025-02-12 16:53:20.898
cm725gt4o016su6o4pn6pqhz0,लक्ष्मीयादव213@gmail.com,लक्ष्मी यादव,लक्ष्मीयादव,CITIZEN,2025-02-12 16:53:21.144,2025-02-12 16:53:21.144
cm725gtc4016xu6o49958kbra,सुमनलता153@gmail.com,सुमन लता,सुमनलता,CITIZEN,2025-02-12 16:53:21.412,2025-02-12 16:53:21.412
cm725gtfh0170u6o4ysvlrz21,राघवसिंह882@gmail.com,राघव सिंह,राघवसिंह,CITIZEN,2025-02-12 16:53:21.533,2025-02-12 16:53:21.533
cm725gtjz0173u6o4ik280rit,पूजापटेल67@gmail.com,पूजा पटेल,पूजापटेल,CITIZEN,2025-02-12 16:53:21.696,2025-02-12 16:53:21.696
cm725gtou0176u6o4xg9dcvyq,गोपालप्रसाद120@gmail.com,गोपाल प्रसाद,गोपालप्रसाद,CITIZEN,2025-02-12 16:53:21.87,2025-02-12 16:53:21.87
cm725gtt00179u6o4l0bzwn2v,रामुयादव218@gmail.com,रामु यादव,रामुयादव,CITIZEN,2025-02-12 16:53:22.02,2025-02-12 16:53:22.02
cm725gtxd017cu6o4t1mnxoak,किरणदेवी817@gmail.com,किरण देवी,किरणदेवी,CITIZEN,2025-02-12 16:53:22.177,2025-02-12 16:53:22.177
cm725gu0t017fu6o45s4tfeo1,संतोषकुमार334@gmail.com,संतोष कुमार,संतोषकुमार,CITIZEN,2025-02-12 16:53:22.302,2025-02-12 16:53:22.302
cm725gu6h017iu6o46vn92eg5,सुनीतासिंह809@gmail.com,सुनीता सिंह,सुनीतासिंह,CITIZEN,2025-02-12 16:53:22.505,2025-02-12 16:53:22.505
cm725guan017lu6o4su10y80u,पंकजशर्मा853@gmail.com,पंकज शर्मा,पंकजशर्मा,CITIZEN,2025-02-12 16:53:22.655,2025-02-12 16:53:22.655
cm725gufc017ou6o40d2hx55u,रूपादेवी788@gmail.com,रूपा देवी,रूपादेवी,CITIZEN,2025-02-12 16:53:22.825,2025-02-12 16:53:22.825
cm725guj6017ru6o41w56e69b,महेशकुमार355@gmail.com,महेश कुमार,महेशकुमार,CITIZEN,2025-02-12 16:53:22.963,2025-02-12 16:53:22.963
cm725gumk017uu6o4qouqjyr5,नीलमवर्मा44@gmail.com,नीलम वर्मा,नीलमवर्मा,CITIZEN,2025-02-12 16:53:23.085,2025-02-12 16:53:23.085
cm725gur7017xu6o48qv18ynr,राकेशयादव530@gmail.com,राकेश यादव,राकेशयादव,CITIZEN,2025-02-12 16:53:23.252,2025-02-12 16:53:23.252
cm725gv070182u6o4u93wb1rh,सागरतिवारी555@gmail.com,सागर तिवारी,सागरतिवारी,CITIZEN,2025-02-12 16:53:23.575,2025-02-12 16:53:23.575
cm725gv460185u6o4224acc42,काजलसिंह847@gmail.com,काजल सिंह,काजलसिंह,CITIZEN,2025-02-12 16:53:23.719,2025-02-12 16:53:23.719
cm725gv7d0188u6o4qv42g76c,प्रकाशशर्मा258@gmail.com,प्रकाश शर्मा,प्रकाशशर्मा,CITIZEN,2025-02-12 16:53:23.833,2025-02-12 16:53:23.833
cm725gvb8018bu6o40wwrg7ed,नम्रतादेवी588@gmail.com,नम्रता देवी,नम्रतादेवी,CITIZEN,2025-02-12 16:53:23.972,2025-02-12 16:53:23.972
cm725gvgv018eu6o4bv7jbayq,गोविंदयादव506@gmail.com,गोविंद यादव,गोविंदयादव,CITIZEN,2025-02-12 16:53:24.175,2025-02-12 16:53:24.175
cm725gvpd018ju6o4un4oyuwv,विनोदकुमार568@gmail.com,विनोद कुमार,विनोदकुमार,CITIZEN,2025-02-12 16:53:24.481,2025-02-12 16:53:24.481
cm725gvtf018mu6o46dxtsr6h,शिवानीशर्मा369@gmail.com,शिवानी शर्मा,शिवानीशर्मा,CITIZEN,2025-02-12 16:53:24.627,2025-02-12 16:53:24.627
cm725gvzy018pu6o40q0a1sl4,दीपकयादव648@gmail.com,दीपक यादव,दीपकयादव,CITIZEN,2025-02-12 16:53:24.863,2025-02-12 16:53:24.863
cm725gw5c018su6o4u4kadyby,रानीदेवी625@gmail.com,रानी देवी,रानीदेवी,CITIZEN,2025-02-12 16:53:25.057,2025-02-12 16:53:25.057
cm725gw98018vu6o4s706dyvb,अवधेशकुमार769@gmail.com,अवधेश कुमार,अवधेशकुमार,CITIZEN,2025-02-12 16:53:25.197,2025-02-12 16:53:25.197
cm725gwe9018yu6o4otcwh2cp,सुधादेवी606@gmail.com,सुधा देवी,सुधादेवी,CITIZEN,2025-02-12 16:53:25.377,2025-02-12 16:53:25.377
cm725gwk50191u6o4adeptxdi,जयश्रीवर्मा161@gmail.com,जयश्री वर्मा,जयश्रीवर्मा,CITIZEN,2025-02-12 16:53:25.589,2025-02-12 16:53:25.589
cm725gzf701aiu6o4bx0kvdgm,kishorekumar749@gmail.com,Kishore Kumar,kishorekumar,CITIZEN,2025-02-12 16:53:29.299,2025-02-12 16:53:29.299
cm725gzjy01alu6o4a3sw8qaz,sandeepsingh601@gmail.com,Sandeep Singh,sandeepsingh,CITIZEN,2025-02-12 16:53:29.471,2025-02-12 16:53:29.471
cm725gzn401aou6o4uhnmpd27,nishaverma368@gmail.com,Nisha Verma,nishaverma,CITIZEN,2025-02-12 16:53:29.584,2025-02-12 16:53:29.584
cm725gzt401aru6o4w0cjspel,rajeshpandey551@gmail.com,Rajesh Pandey,rajeshpandey,CITIZEN,2025-02-12 16:53:29.8,2025-02-12 16:53:29.8
cm725gzxm01auu6o4p8gj36kz,priyachauhan484@gmail.com,Priya Chauhan,priyachauhan,CITIZEN,2025-02-12 16:53:29.962,2025-02-12 16:53:29.962
cm725h03r01axu6o4blhe1fn9,vishalmehta315@gmail.com,Vishal Mehta,vishalmehta,CITIZEN,2025-02-12 16:53:30.184,2025-02-12 16:53:30.184
cm725h08q01b0u6o43esakix3,sitadevi382@gmail.com,Sita Devi,sitadevi,CITIZEN,2025-02-12 16:53:30.363,2025-02-12 16:53:30.363
cm725h0e401b3u6o4b9n8bypa,karanyadav622@gmail.com,Karan Yadav,karanyadav,CITIZEN,2025-02-12 16:53:30.556,2025-02-12 16:53:30.556
cm725h0p401b6u6o49s8ldh4w,ruchigupta639@gmail.com,Ruchi Gupta,ruchigupta,CITIZEN,2025-02-12 16:53:30.952,2025-02-12 16:53:30.952
cm725h0un01b9u6o4l1mz8ibk,sanjaytripathi874@gmail.com,Sanjay Tripathi,sanjaytripathi,CITIZEN,2025-02-12 16:53:31.152,2025-02-12 16:53:31.152
cm725h0xb01bbu6o4as2v2juj,komalmishra407@gmail.com,Komal Mishra,komalmishra,CITIZEN,2025-02-12 16:53:31.247,2025-02-12 16:53:31.247
cm725h14b01bgu6o4zdyzaq05,poonamagarwal372@gmail.com,Poonam Agarwal,poonamagarwal,CITIZEN,2025-02-12 16:53:31.499,2025-02-12 16:53:31.499
cm725h18201bju6o40woh69im,ajayyadav528@gmail.com,Ajay Yadav,ajayyadav,CITIZEN,2025-02-12 16:53:31.634,2025-02-12 16:53:31.634
cm725h1bn01bmu6o4gfmk0gkv,sunitarani893@gmail.com,Sunita Rani,sunitarani,CITIZEN,2025-02-12 16:53:31.763,2025-02-12 16:53:31.763
cm725h1fc01bpu6o447y4yzme,brijeshkumar291@gmail.com,Brijesh Kumar,brijeshkumar,CITIZEN,2025-02-12 16:53:31.897,2025-02-12 16:53:31.897
cm725h1ib01bsu6o4gun04foa,gauravmishra30@gmail.com,Gaurav Mishra,gauravmishra,CITIZEN,2025-02-12 16:53:32.003,2025-02-12 16:53:32.003
cm725h1lz01bvu6o4dthxvsn9,rashmiagarwal92@gmail.com,Rashmi Agarwal,rashmiagarwal,CITIZEN,2025-02-12 16:53:32.136,2025-02-12 16:53:32.136
cm725h1ql01byu6o4uv7mr354,amitjaiswal683@gmail.com,Amit Jaiswal,amitjaiswal,CITIZEN,2025-02-12 16:53:32.301,2025-02-12 16:53:32.301
cm725h20j01c1u6o470behp44,pragyayadav175@gmail.com,Pragya Yadav,pragyayadav,CITIZEN,2025-02-12 16:53:32.436,2025-02-12 16:53:32.436
cm725h27a01c6u6o4y0mqfkjo,aartichaudhary80@gmail.com,Aarti Chaudhary,aartichaudhary,CITIZEN,2025-02-12 16:53:32.902,2025-02-12 16:53:32.902
cm725h2ay01c9u6o4fkjjqgtq,shivendrasingh895@gmail.com,Shivendra Singh,shivendrasingh,CITIZEN,2025-02-12 16:53:33.034,2025-02-12 16:53:33.034
cm725h2ey01ccu6o4j3x2rm18,shalinirani231@gmail.com,Shalini Rani,shalinirani,CITIZEN,2025-02-12 16:53:33.178,2025-02-12 16:53:33.178
cm725h2ii01cfu6o4ljhoxj8n,rameshchandra869@gmail.com,Ramesh Chandra,rameshchandra,CITIZEN,2025-02-12 16:53:33.307,2025-02-12 16:53:33.307
cm725h2mc01ciu6o4slqh2cgx,pritikumari46@gmail.com,Priti Kumari,pritikumari,CITIZEN,2025-02-12 16:53:33.444,2025-02-12 16:53:33.444
cm725h2ql01clu6o4dantumo0,naveenyadav173@gmail.com,Naveen Yadav,naveenyadav,CITIZEN,2025-02-12 16:53:33.597,2025-02-12 16:53:33.597
cm725h2v401cou6o4powxt1d8,sunilagarwal366@gmail.com,Sunil Agarwal,sunilagarwal,CITIZEN,2025-02-12 16:53:33.76,2025-02-12 16:53:33.76
cm725h2z901cru6o4dih55o75,aloktripathi170@gmail.com,Alok Tripathi,aloktripathi,CITIZEN,2025-02-12 16:53:33.909,2025-02-12 16:53:33.909
cm725h34i01cuu6o4rrj0lsu9,ashayadav801@gmail.com,Asha Yadav,ashayadav,CITIZEN,2025-02-12 16:53:34.098,2025-02-12 16:53:34.098
cm725h5s201e9u6o4msqucfos,सुरेशचौधरी424@gmail.com,सुरेश चौधरी,सुरेशचौधरी,CITIZEN,2025-02-12 16:53:37.539,2025-02-12 16:53:37.539
cm725h5w001ecu6o49ysgyfon,रेखायादव310@gmail.com,रेखा यादव,रेखायादव,CITIZEN,2025-02-12 16:53:37.68,2025-02-12 16:53:37.68
cm725h63s01ehu6o4ve4szlgy,सुनितासिंह260@gmail.com,सुनिता सिंह,सुनितासिंह,CITIZEN,2025-02-12 16:53:37.96,2025-02-12 16:53:37.96
cm725h67l01eku6o4t8qtqd0i,आशावर्मा121@gmail.com,आशा वर्मा,आशावर्मा,CITIZEN,2025-02-12 16:53:38.098,2025-02-12 16:53:38.098
cm725h6hd01epu6o4a3isv7t5,नमितायादव142@gmail.com,नमिता यादव,नमितायादव,CITIZEN,2025-02-12 16:53:38.449,2025-02-12 16:53:38.449
cm725h6kn01esu6o4pxfyag9k,अरविंदचौधरी377@gmail.com,अरविंद चौधरी,अरविंदचौधरी,CITIZEN,2025-02-12 16:53:38.567,2025-02-12 16:53:38.567
cm725h6oc01evu6o4yf4k3ciw,पूनमरानी243@gmail.com,पूनम रानी,पूनमरानी,CITIZEN,2025-02-12 16:53:38.701,2025-02-12 16:53:38.701
cm725h6u601eyu6o49yqwf816,ब्रह्मसिंह429@gmail.com,ब्रह्म सिंह,ब्रह्मसिंह,CITIZEN,2025-02-12 16:53:38.911,2025-02-12 16:53:38.911
cm725h6xp01f1u6o4itfhuorq,अनितावर्मा878@gmail.com,अनिता वर्मा,अनितावर्मा,CITIZEN,2025-02-12 16:53:39.037,2025-02-12 16:53:39.037
cm725h72s01f4u6o4mj1rfhya,राजीवसिंह613@gmail.com,राजीव सिंह,राजीवसिंह,CITIZEN,2025-02-12 16:53:39.221,2025-02-12 16:53:39.221
cm725h75r01f7u6o4g0ek7wgs,प्रेमलतादेवी222@gmail.com,प्रेमलता देवी,प्रेमलतादेवी,CITIZEN,2025-02-12 16:53:39.328,2025-02-12 16:53:39.328
cm725h7ab01fau6o4qjy11vks,शंकरयादव823@gmail.com,शंकर यादव,शंकरयादव,CITIZEN,2025-02-12 16:53:39.491,2025-02-12 16:53:39.491
cm725h7fu01fdu6o4hvl7yfnn,नंदनीकुमारी229@gmail.com,नंदनी कुमारी,नंदनीकुमारी,CITIZEN,2025-02-12 16:53:39.69,2025-02-12 16:53:39.69
cm725h7jy01fgu6o47x4lmes5,मनीषकुमार73@gmail.com,मनीष कुमार,मनीषकुमार,CITIZEN,2025-02-12 16:53:39.838,2025-02-12 16:53:39.838
cm725h7ta01flu6o4wptcugff,नरेशयादव260@gmail.com,नरेश यादव,नरेशयादव,CITIZEN,2025-02-12 16:53:40.175,2025-02-12 16:53:40.175
cm725h81601fqu6o455jufpjd,आनंदकुमार863@gmail.com,आनंद कुमार,आनंदकुमार,CITIZEN,2025-02-12 16:53:40.458,2025-02-12 16:53:40.458
cm725h87f01ftu6o4jvwnq90q,राहुलवर्मा349@gmail.com,राहुल वर्मा,राहुलवर्मा,CITIZEN,2025-02-12 16:53:40.683,2025-02-12 16:53:40.683
cm725hbhe01h9u6o46hzzzdgy,ashokyadav314@gmail.com,Ashok Yadav,ashokyadav,CITIZEN,2025-02-12 16:53:44.93,2025-02-12 16:53:44.93
cm725hbmw01hcu6o43a6uqhh6,rinadevi552@gmail.com,Rina Devi,rinadevi,CITIZEN,2025-02-12 16:53:45.128,2025-02-12 16:53:45.128
cm725hbrp01hfu6o485gofnug,mohitagrawal485@gmail.com,Mohit Agrawal,mohitagrawal,CITIZEN,2025-02-12 16:53:45.302,2025-02-12 16:53:45.302
cm725hbvd01hiu6o4edt7lzy5,sumanyadav716@gmail.com,Suman Yadav,sumanyadav,CITIZEN,2025-02-12 16:53:45.434,2025-02-12 16:53:45.434
cm725hbz801hlu6o4hpymmed2,nitinsharma245@gmail.com,Nitin Sharma,nitinsharma,CITIZEN,2025-02-12 16:53:45.572,2025-02-12 16:53:45.572
cm725hch801huu6o43w30nov5,rajeevkumar363@gmail.com,Rajeev Kumar,rajeevkumar,CITIZEN,2025-02-12 16:53:46.221,2025-02-12 16:53:46.221
cm725hcle01hxu6o4uy6wjs8t,divyarani764@gmail.com,Divya Rani,divyarani,CITIZEN,2025-02-12 16:53:46.371,2025-02-12 16:53:46.371
cm725hctb01i2u6o4s5o7qqqc,simranverma253@gmail.com,Simran Verma,simranverma,CITIZEN,2025-02-12 16:53:46.655,2025-02-12 16:53:46.655
cm725hcw101i4u6o464pl4j7m,shivkumar685@gmail.com,Shiv Kumar,shivkumar,CITIZEN,2025-02-12 16:53:46.754,2025-02-12 16:53:46.754
cm725hd0g01i6u6o4zvnycigd,nehapatel267@gmail.com,Neha Patel,nehapatel,CITIZEN,2025-02-12 16:53:46.913,2025-02-12 16:53:46.913
cm725hd5501i9u6o4n3z65wry,gopalyadav631@gmail.com,Gopal Yadav,gopalyadav,CITIZEN,2025-02-12 16:53:47.082,2025-02-12 16:53:47.082
cm725hd8k01icu6o426rs74z9,manjukumari323@gmail.com,Manju Kumari,manjukumari,CITIZEN,2025-02-12 16:53:47.205,2025-02-12 16:53:47.205
cm725hdem01ifu6o4xhucbr2m,abhisheksingh870@gmail.com,Abhishek Singh,abhisheksingh,CITIZEN,2025-02-12 16:53:47.422,2025-02-12 16:53:47.422
cm725hdmp01iku6o4gek4aqn5,rishabhkumar204@gmail.com,Rishabh Kumar,rishabhkumar,CITIZEN,2025-02-12 16:53:47.713,2025-02-12 16:53:47.713
cm725hdxy01ipu6o45042sto7,sunitasharma476@gmail.com,Sunita Sharma,sunitasharma,CITIZEN,2025-02-12 16:53:48.119,2025-02-12 16:53:48.119
cm725he2p01isu6o46mwvkq2h,arvindverma133@gmail.com,Arvind Verma,arvindverma,CITIZEN,2025-02-12 16:53:48.289,2025-02-12 16:53:48.289
cm725he8b01ivu6o417ya1dnh,nishapandey584@gmail.com,Nisha Pandey,nishapandey,CITIZEN,2025-02-12 16:53:48.492,2025-02-12 16:53:48.492
cm725hede01iyu6o4lt87ugbj,vikramchauhan226@gmail.com,Vikram Chauhan,vikramchauhan,CITIZEN,2025-02-12 16:53:48.675,2025-02-12 16:53:48.675
cm725heki01j3u6o4asdu0t79,premkumar193@gmail.com,Prem Kumar,premkumar,CITIZEN,2025-02-12 16:53:48.931,2025-02-12 16:53:48.931
cm725hew901jau6o4y8mfv1d7,renugupta516@gmail.com,Renu Gupta,renugupta,CITIZEN,2025-02-12 16:53:49.354,2025-02-12 16:53:49.354
cm725hf0v01jdu6o4rx3nm05p,manojpandey456@gmail.com,Manoj Pandey,manojpandey,CITIZEN,2025-02-12 16:53:49.519,2025-02-12 16:53:49.519
cm725hf4z01jgu6o49j1680c1,priyankamehta391@gmail.com,Priyanka Mehta,priyankamehta,CITIZEN,2025-02-12 16:53:49.667,2025-02-12 16:53:49.667
cm725hfaw01jju6o4eq5ch1ik,sushilkumar599@gmail.com,Sushil Kumar,sushilkumar,CITIZEN,2025-02-12 16:53:49.88,2025-02-12 16:53:49.88
cm725hfej01jmu6o41c5h2ol9,neerajyadav32@gmail.com,Neeraj Yadav,neerajyadav,CITIZEN,2025-02-12 16:53:50.012,2025-02-12 16:53:50.012
cm725hfjt01jpu6o48xi9b36n,komalsharma899@gmail.com,Komal Sharma,komalsharma,CITIZEN,2025-02-12 16:53:50.201,2025-02-12 16:53:50.201
cm725hfnc01jsu6o402fggrqq,himanshusingh569@gmail.com,Himanshu Singh,himanshusingh,CITIZEN,2025-02-12 16:53:50.329,2025-02-12 16:53:50.329
cm725hfse01jvu6o4ndkwolhh,रामूयादव482@gmail.com,रामू यादव,रामूयादव,CITIZEN,2025-02-12 16:53:50.51,2025-02-12 16:53:50.51
cm725hfwr01jyu6o4kftoqjtu,सीमादेवी782@gmail.com,सीमा देवी,सीमादेवी,CITIZEN,2025-02-12 16:53:50.667,2025-02-12 16:53:50.667
cm725hg1d01k1u6o4eik22gh1,पवनकुमार644@gmail.com,पवन कुमार,पवनकुमार,CITIZEN,2025-02-12 16:53:50.833,2025-02-12 16:53:50.833
cm725hg5f01k4u6o4i39yaglv,मायाशर्मा814@gmail.com,माया शर्मा,मायाशर्मा,CITIZEN,2025-02-12 16:53:50.98,2025-02-12 16:53:50.98
cm725hgdh01k9u6o40iebjzqc,अंजलिदेवी587@gmail.com,अंजलि देवी,अंजलिदेवी,CITIZEN,2025-02-12 16:53:51.269,2025-02-12 16:53:51.269
cm725hgjw01kcu6o4j2yg8qt8,राजीवकुमार231@gmail.com,राजीव कुमार,राजीवकुमार,CITIZEN,2025-02-12 16:53:51.501,2025-02-12 16:53:51.501
cm725hgmi01kfu6o4dfrwubrx,मनीषाचौहान822@gmail.com,मनीषा चौहान,मनीषाचौहान,CITIZEN,2025-02-12 16:53:51.595,2025-02-12 16:53:51.595
cm725hgqy01kiu6o40o05ndoc,दीपकशर्मा52@gmail.com,दीपक शर्मा,दीपकशर्मा,CITIZEN,2025-02-12 16:53:51.755,2025-02-12 16:53:51.755
cm725hgvi01klu6o4lsalrw34,कुमारीरीतिका433@gmail.com,कुमारी रीतिका,कुमारीरीतिका,CITIZEN,2025-02-12 16:53:51.919,2025-02-12 16:53:51.919
cm725hgzq01kou6o40hr09f84,अनुजापांडे311@gmail.com,अनुजा पांडे,अनुजापांडे,CITIZEN,2025-02-12 16:53:52.07,2025-02-12 16:53:52.07
cm725hh3h01kru6o4syudnfw4,अर्जुनतिवारी422@gmail.com,अर्जुन तिवारी,अर्जुनतिवारी,CITIZEN,2025-02-12 16:53:52.205,2025-02-12 16:53:52.205
cm725hh6h01kuu6o4cvlkiube,नीताशर्मा640@gmail.com,नीता शर्मा,नीताशर्मा,CITIZEN,2025-02-12 16:53:52.313,2025-02-12 16:53:52.313
cm725hhb701kxu6o4jqw6mtry,प्रकाशसिंह52@gmail.com,प्रकाश सिंह,प्रकाशसिंह,CITIZEN,2025-02-12 16:53:52.483,2025-02-12 16:53:52.483
cm725hhkh01l2u6o4p5cqzomm,किरनदेवी413@gmail.com,किरन देवी,किरनदेवी,CITIZEN,2025-02-12 16:53:52.817,2025-02-12 16:53:52.817
cm725hhpf01l5u6o4xqjgjb96,अदितिचौधरी124@gmail.com,अदिति चौधरी,अदितिचौधरी,CITIZEN,2025-02-12 16:53:52.996,2025-02-12 16:53:52.996
cm725hhtk01l8u6o4kugwcnud,विक्रमयादव60@gmail.com,विक्रम यादव,विक्रमयादव,CITIZEN,2025-02-12 16:53:53.144,2025-02-12 16:53:53.144
cm725hi0i01ldu6o40d0cfle8,शिवेंद्रसिंह656@gmail.com,शिवेंद्र सिंह,शिवेंद्रसिंह,CITIZEN,2025-02-12 16:53:53.395,2025-02-12 16:53:53.395
cm725hih401lgu6o4ffl3bmg1,सुमितशर्मा473@gmail.com,सुमित शर्मा,सुमितशर्मा,CITIZEN,2025-02-12 16:53:53.992,2025-02-12 16:53:53.992
cm725him601lju6o4c7yajv4v,दीपकसिंह635@gmail.com,दीपक सिंह,दीपकसिंह,CITIZEN,2025-02-12 16:53:54.174,2025-02-12 16:53:54.174
cm725hit401lou6o4m0qv15v5,साक्षीगुप्ता778@gmail.com,साक्षी गुप्ता,साक्षीगुप्ता,CITIZEN,2025-02-12 16:53:54.425,2025-02-12 16:53:54.425
cm725hj2n01ltu6o4hjyhtwh6,नमितापांडे360@gmail.com,नमिता पांडे,नमितापांडे,CITIZEN,2025-02-12 16:53:54.768,2025-02-12 16:53:54.768
cm725hj8s01lwu6o4po00q0m6,प्रकाशवर्मा745@gmail.com,प्रकाश वर्मा,प्रकाशवर्मा,CITIZEN,2025-02-12 16:53:54.988,2025-02-12 16:53:54.988
cm725hjge01m1u6o42dj9p2ko,मोहनलाल808@gmail.com,मोहनलाल,मोहनलाल,CITIZEN,2025-02-12 16:53:55.263,2025-02-12 16:53:55.263
cm725hjl001m4u6o4avsziopk,साक्षीवर्मा721@gmail.com,साक्षी वर्मा,साक्षीवर्मा,CITIZEN,2025-02-12 16:53:55.429,2025-02-12 16:53:55.429
cm725hjus01m9u6o4cinl7t78,कमलकुमारी130@gmail.com,कमल कुमारी,कमलकुमारी,CITIZEN,2025-02-12 16:53:55.78,2025-02-12 16:53:55.78
cm725hjzr01mcu6o466eo3om9,विनोदसिंह118@gmail.com,विनोद सिंह,विनोदसिंह,CITIZEN,2025-02-12 16:53:55.96,2025-02-12 16:53:55.96
cm725hk5f01meu6o49tx5zpsh,हिनाशाह132@gmail.com,हिना शाह,हिनाशाह,CITIZEN,2025-02-12 16:53:56.163,2025-02-12 16:53:56.163
cm725hkak01mhu6o4w3etq7my,पुनीतयादव11@gmail.com,पुनीत यादव,पुनीतयादव,CITIZEN,2025-02-12 16:53:56.348,2025-02-12 16:53:56.348
cm725hkn401mou6o42tg4sq4m,राजवीरसिंह462@gmail.com,राजवीर सिंह,राजवीरसिंह,CITIZEN,2025-02-12 16:53:56.8,2025-02-12 16:53:56.8
cm725hkry01mru6o46ijsw7c2,नीलमयादव611@gmail.com,नीलम यादव,नीलमयादव,CITIZEN,2025-02-12 16:53:56.975,2025-02-12 16:53:56.975
cm725hkwm01muu6o4m47ui007,किरणशर्मा463@gmail.com,किरण शर्मा,किरणशर्मा,CITIZEN,2025-02-12 16:53:57.143,2025-02-12 16:53:57.143
cm725hl2a01mxu6o4alpdi73w,मनोजचौधरी310@gmail.com,मनोज चौधरी,मनोजचौधरी,CITIZEN,2025-02-12 16:53:57.346,2025-02-12 16:53:57.346
cm725hl6h01n0u6o4tqx3wfac,प्रियंकायादव410@gmail.com,प्रियंका यादव,प्रियंकायादव,CITIZEN,2025-02-12 16:53:57.497,2025-02-12 16:53:57.497
cm725hlh801n5u6o4zuwd768x,गुरमीतसिंह86@gmail.com,गुरमीत सिंह,गुरमीतसिंह,CITIZEN,2025-02-12 16:53:57.884,2025-02-12 16:53:57.884
cm725hlm101n8u6o4yidr8a4c,रेणुशर्मा388@gmail.com,रेणु शर्मा,रेणुशर्मा,CITIZEN,2025-02-12 16:53:58.057,2025-02-12 16:53:58.057
cm725hlpn01nbu6o4133hs0ip,आदित्ययादव869@gmail.com,आदित्य यादव,आदित्ययादव,CITIZEN,2025-02-12 16:53:58.187,2025-02-12 16:53:58.187
cm725hlv601neu6o4n5fwku1s,नलिनीदेवी482@gmail.com,नलिनी देवी,नलिनीदेवी,CITIZEN,2025-02-12 16:53:58.386,2025-02-12 16:53:58.386
cm725hpei01p1u6o4ioy1b4ca,rahulverma348@gmail.com,Rahul Verma,rahulverma,CITIZEN,2025-02-12 16:54:02.97,2025-02-12 16:54:02.97
cm725hqc401piu6o4pm5zuu08,shaliniverma182@gmail.com,Shalini Verma,shaliniverma,CITIZEN,2025-02-12 16:54:04.18,2025-02-12 16:54:04.18
cm725hqfm01plu6o4pem4bxgl,vijaypratap826@gmail.com,Vijay Pratap,vijaypratap,CITIZEN,2025-02-12 16:54:04.306,2025-02-12 16:54:04.306
cm725hqlf01ppu6o4fbbz7meq,kiranyadav624@gmail.com,Kiran Yadav,kiranyadav,CITIZEN,2025-02-12 16:54:04.515,2025-02-12 16:54:04.515
cm725hqov01psu6o4oe087rnu,ajeetsingh738@gmail.com,Ajeet Singh,ajeetsingh,CITIZEN,2025-02-12 16:54:04.639,2025-02-12 16:54:04.639
cm725hqsn01pvu6o4dkxpmkxk,aloksharma16@gmail.com,Alok Sharma,aloksharma,CITIZEN,2025-02-12 16:54:04.775,2025-02-12 16:54:04.775
cm725hqwj01pyu6o43ub11vdf,priyankamishra133@gmail.com,Priyanka Mishra,priyankamishra,CITIZEN,2025-02-12 16:54:04.915,2025-02-12 16:54:04.915
cm725hr1e01q1u6o4zgio34xy,deepakyadav264@gmail.com,Deepak Yadav,deepakyadav,CITIZEN,2025-02-12 16:54:05.091,2025-02-12 16:54:05.091
cm725hr5801q4u6o4bzhg4vt7,ravishankar120@gmail.com,Ravi Shankar,ravishankar,CITIZEN,2025-02-12 16:54:05.229,2025-02-12 16:54:05.229
cm725hrly01qdu6o4jzf7ejer,seemaverma112@gmail.com,Seema Verma,seemaverma,CITIZEN,2025-02-12 16:54:05.83,2025-02-12 16:54:05.83
cm725hrr501qgu6o4gthz1s8a,sandeepkumar645@gmail.com,Sandeep Kumar,sandeepkumar,CITIZEN,2025-02-12 16:54:06.018,2025-02-12 16:54:06.018
cm725hrv201qju6o4fer0dtp4,kajalyadav114@gmail.com,Kajal Yadav,kajalyadav,CITIZEN,2025-02-12 16:54:06.159,2025-02-12 16:54:06.159
cm725hsfs01qmu6o4mqyb5eg1,suniltiwari784@gmail.com,Sunil Tiwari,suniltiwari,CITIZEN,2025-02-12 16:54:06.904,2025-02-12 16:54:06.904
cm725hslj01qru6o4idrgyfph,nitinyadav420@gmail.com,Nitin Yadav,nitinyadav,CITIZEN,2025-02-12 16:54:07.111,2025-02-12 16:54:07.111
cm725hsnu01qtu6o4ub7p03bn,anilmishra218@gmail.com,Anil Mishra,anilmishra,CITIZEN,2025-02-12 16:54:07.194,2025-02-12 16:54:07.194
cm725hsqd01qwu6o4pivd9rnl,sumankumari99@gmail.com,Suman Kumari,sumankumari,CITIZEN,2025-02-12 16:54:07.285,2025-02-12 16:54:07.285
cm725hsty01qzu6o4elys1cre,pradeepsharma282@gmail.com,Pradeep Sharma,pradeepsharma,CITIZEN,2025-02-12 16:54:07.415,2025-02-12 16:54:07.415
cm725hszq01r4u6o4mfbj6skq,poojagupta93@gmail.com,Pooja Gupta,poojagupta,CITIZEN,2025-02-12 16:54:07.622,2025-02-12 16:54:07.622
cm725ht3c01r7u6o4j88kxypz,vikashsingh67@gmail.com,Vikash Singh,vikashsingh,CITIZEN,2025-02-12 16:54:07.752,2025-02-12 16:54:07.752
cm725ht6u01rau6o45adaso7k,madhurisingh798@gmail.com,Madhuri Singh,madhurisingh,CITIZEN,2025-02-12 16:54:07.878,2025-02-12 16:54:07.878
cm725ht9x01rdu6o4db9puqou,amitraj153@gmail.com,Amit Raj,amitraj,CITIZEN,2025-02-12 16:54:07.989,2025-02-12 16:54:07.989
cm725htd701rgu6o4ltdhe7mr,shwetarani852@gmail.com,Shweta Rani,shwetarani,CITIZEN,2025-02-12 16:54:08.107,2025-02-12 16:54:08.107
cm725htge01rju6o4l7p0gk1l,rahulsaini16@gmail.com,Rahul Saini,rahulsaini,CITIZEN,2025-02-12 16:54:08.222,2025-02-12 16:54:08.222
cm725htj901rmu6o4opg3l65s,rashmipatel406@gmail.com,Rashmi Patel,rashmipatel,CITIZEN,2025-02-12 16:54:08.326,2025-02-12 16:54:08.326
cm725hu8o01s5u6o4pzqwejqh,rameshgupta268@gmail.com,Ramesh Gupta,rameshgupta,CITIZEN,2025-02-12 16:54:09.241,2025-02-12 16:54:09.241
cm725huek01sau6o4ul2uy9np,manojtiwari371@gmail.com,Manoj Tiwari,manojtiwari,CITIZEN,2025-02-12 16:54:09.453,2025-02-12 16:54:09.453
cm725hvxw01tbu6o4xxg725ky,mohansingh205@gmail.com,Mohan Singh,mohansingh,CITIZEN,2025-02-12 16:54:11.444,2025-02-12 16:54:11.444
cm725hwk001tmu6o4sc0ve02y,rakeshsingh804@gmail.com,Rakesh Singh,rakeshsingh,CITIZEN,2025-02-12 16:54:12.241,2025-02-12 16:54:12.241
cm725hwn201tou6o4h3oexz8h,pankajverma523@gmail.com,Pankaj Verma,pankajverma,CITIZEN,2025-02-12 16:54:12.35,2025-02-12 16:54:12.35
cm725hwvo01tvu6o48b7uz10s,sanjaymishra518@gmail.com,Sanjay Mishra,sanjaymishra,CITIZEN,2025-02-12 16:54:12.66,2025-02-12 16:54:12.66
cm725hwyr01tyu6o45vmkidv6,ashokkumar557@gmail.com,Ashok Kumar,ashokkumar,CITIZEN,2025-02-12 16:54:12.771,2025-02-12 16:54:12.771
cm725hxhg01udu6o4xfahpgtt,rakeshgupta162@gmail.com,Rakesh Gupta,rakeshgupta,CITIZEN,2025-02-12 16:54:13.444,2025-02-12 16:54:13.444
cm725hxki01ugu6o4fvx4ez70,anilsharma112@gmail.com,Anil Sharma,anilsharma,CITIZEN,2025-02-12 16:54:13.554,2025-02-12 16:54:13.554
cm725hxod01uju6o453q68w2h,pankajkumar302@gmail.com,Pankaj Kumar,pankajkumar,CITIZEN,2025-02-12 16:54:13.693,2025-02-12 16:54:13.693
cm725hz9u01vpu6o4zwy78lcp,सतीशकुमार262@gmail.com,सतीश कुमार,सतीशकुमार,CITIZEN,2025-02-12 16:54:15.763,2025-02-12 16:54:15.763
cm725hzcp01vsu6o43ziojkag,सीमाकुमारी285@gmail.com,सीमा कुमारी,सीमाकुमारी,CITIZEN,2025-02-12 16:54:15.865,2025-02-12 16:54:15.865
cm725hzfs01vvu6o4aloo9yme,रमेशसिंह704@gmail.com,रमेश सिंह,रमेशसिंह,CITIZEN,2025-02-12 16:54:15.976,2025-02-12 16:54:15.976
cm725hzlp01w0u6o4dwpvhm9s,नीरजचौधरी711@gmail.com,नीरज चौधरी,नीरजचौधरी,CITIZEN,2025-02-12 16:54:16.189,2025-02-12 16:54:16.189
cm725hzor01w3u6o4tf9fdfnv,कुमारीरचना749@gmail.com,कुमारी रचना,कुमारीरचना,CITIZEN,2025-02-12 16:54:16.299,2025-02-12 16:54:16.299
cm725hzrl01w6u6o4mazjlvip,संदीपसिंह336@gmail.com,संदीप सिंह,संदीपसिंह,CITIZEN,2025-02-12 16:54:16.402,2025-02-12 16:54:16.402
cm725hzuo01w9u6o4ttsdxwl7,निधिशर्मा868@gmail.com,निधि शर्मा,निधिशर्मा,CITIZEN,2025-02-12 16:54:16.512,2025-02-12 16:54:16.512
cm725hzxq01wcu6o4jh1530qt,विकासयादव861@gmail.com,विकास यादव,विकासयादव,CITIZEN,2025-02-12 16:54:16.623,2025-02-12 16:54:16.623
cm725i00z01wfu6o4twzvq91e,बबलूमिश्रा766@gmail.com,बबलू मिश्रा,बबलूमिश्रा,CITIZEN,2025-02-12 16:54:16.739,2025-02-12 16:54:16.739
cm725i0il01wsu6o474xxqz12,meerarani793@gmail.com,Meera Rani,meerarani,CITIZEN,2025-02-12 16:54:17.373,2025-02-12 16:54:17.373
cm725i0lk01wvu6o4k573tp3s,vishalchaurasia900@gmail.com,Vishal Chaurasia,vishalchaurasia,CITIZEN,2025-02-12 16:54:17.481,2025-02-12 16:54:17.481
cm725i0r601x0u6o4ro3uq97h,pankajgupta350@gmail.com,Pankaj Gupta,pankajgupta,CITIZEN,2025-02-12 16:54:17.683,2025-02-12 16:54:17.683
cm725i0zi01x5u6o4pb5zndcw,manojmishra152@gmail.com,Manoj Mishra,manojmishra,CITIZEN,2025-02-12 16:54:17.982,2025-02-12 16:54:17.982
cm725i13g01x8u6o4zkrxbwmw,rinayadav434@gmail.com,Rina Yadav,rinayadav,CITIZEN,2025-02-12 16:54:18.124,2025-02-12 16:54:18.124
cm725i16j01xbu6o4t3ylu5ug,kunalkumar770@gmail.com,Kunal Kumar,kunalkumar,CITIZEN,2025-02-12 16:54:18.235,2025-02-12 16:54:18.235
cm725i19e01xeu6o41pvnkd9i,neetusingh32@gmail.com,Neetu Singh,neetusingh,CITIZEN,2025-02-12 16:54:18.339,2025-02-12 16:54:18.339
cm725i1d601xhu6o4ol3895ge,rameshchauhan863@gmail.com,Ramesh Chauhan,rameshchauhan,CITIZEN,2025-02-12 16:54:18.474,2025-02-12 16:54:18.474
cm725i1g801xku6o4n25h0xnn,laxmiyadav376@gmail.com,Laxmi Yadav,laxmiyadav,CITIZEN,2025-02-12 16:54:18.585,2025-02-12 16:54:18.585
cm725i1ln01xpu6o47osbihut,sumanlata842@gmail.com,Suman Lata,sumanlata,CITIZEN,2025-02-12 16:54:18.779,2025-02-12 16:54:18.779
cm725i1or01xsu6o4sxqk9vyt,raghavsingh664@gmail.com,Raghav Singh,raghavsingh,CITIZEN,2025-02-12 16:54:18.891,2025-02-12 16:54:18.891
cm725i1rn01xvu6o4vt39hlt9,poojapatel117@gmail.com,Pooja Patel,poojapatel,CITIZEN,2025-02-12 16:54:18.995,2025-02-12 16:54:18.995
cm725i1uc01xyu6o4e4km7fsz,gopalprasad527@gmail.com,Gopal Prasad,gopalprasad,CITIZEN,2025-02-12 16:54:19.092,2025-02-12 16:54:19.092
cm725i1xf01y1u6o4jhldxobz,रविकुमार716@gmail.com,रवि कुमार,रविकुमार,CITIZEN,2025-02-12 16:54:19.203,2025-02-12 16:54:19.203
cm725i20i01y4u6o434x8r3ra,सुमनदेवी590@gmail.com,सुमन देवी,सुमनदेवी,CITIZEN,2025-02-12 16:54:19.314,2025-02-12 16:54:19.314
cm725i23l01y7u6o4ov0ahgxh,अमितयादव215@gmail.com,अमित यादव,अमितयादव,CITIZEN,2025-02-12 16:54:19.425,2025-02-12 16:54:19.425
cm725i26u01yau6o4s2si4al8,नीलमसिंह727@gmail.com,नीलम सिंह,नीलमसिंह,CITIZEN,2025-02-12 16:54:19.542,2025-02-12 16:54:19.542
cm725i2a101ydu6o48x7l9s2u,अनिलशर्मा702@gmail.com,अनिल शर्मा,अनिलशर्मा,CITIZEN,2025-02-12 16:54:19.658,2025-02-12 16:54:19.658
cm725i2cs01ygu6o49fj2jmlp,मीरारानी533@gmail.com,मीरा रानी,मीरारानी,CITIZEN,2025-02-12 16:54:19.757,2025-02-12 16:54:19.757
cm725i43i01zmu6o4v41p53oy,soniyarani618@gmail.com,Soniya Rani,soniyarani,CITIZEN,2025-02-12 16:54:22.014,2025-02-12 16:54:22.014
cm725i49f01zru6o4jdt4pn92,geetasingh898@gmail.com,Geeta Singh,geetasingh,CITIZEN,2025-02-12 16:54:22.227,2025-02-12 16:54:22.227
cm725i4hb01zxu6o4kpam4k4j,amanyadav128@gmail.com,Aman Yadav,amanyadav,CITIZEN,2025-02-12 16:54:22.512,2025-02-12 16:54:22.512
cm725i4kr0200u6o4zmenmmji,meeraverma226@gmail.com,Meera Verma,meeraverma,CITIZEN,2025-02-12 16:54:22.635,2025-02-12 16:54:22.635
cm725i51f020du6o4192sfemj,rahulyadav877@gmail.com,Rahul Yadav,rahulyadav,CITIZEN,2025-02-12 16:54:23.236,2025-02-12 16:54:23.236
cm725i53z020fu6o418y4077t,anjalipatel561@gmail.com,Anjali Patel,anjalipatel,CITIZEN,2025-02-12 16:54:23.327,2025-02-12 16:54:23.327
cm725i5gr020pu6o4c8finf8t,meenalsharma407@gmail.com,Meenal Sharma,meenalsharma,CITIZEN,2025-02-12 16:54:23.787,2025-02-12 16:54:23.787
cm725i5kc020su6o41alrpo9y,ravindrasingh284@gmail.com,Ravindra Singh,ravindrasingh,CITIZEN,2025-02-12 16:54:23.916,2025-02-12 16:54:23.916
cm725i5nk020vu6o4q4ucjgyg,shalinimishra397@gmail.com,Shalini Mishra,shalinimishra,CITIZEN,2025-02-12 16:54:24.032,2025-02-12 16:54:24.032
cm725i5u10210u6o4825je9p6,geetaverma35@gmail.com,Geeta Verma,geetaverma,CITIZEN,2025-02-12 16:54:24.266,2025-02-12 16:54:24.266
cm725i5zh0215u6o4gudfk11j,divyasharma749@gmail.com,Divya Sharma,divyasharma,CITIZEN,2025-02-12 16:54:24.462,2025-02-12 16:54:24.462
cm725i6210218u6o4sj3gnhf4,vinodyadav160@gmail.com,Vinod Yadav,vinodyadav,CITIZEN,2025-02-12 16:54:24.553,2025-02-12 16:54:24.553
cm725i65n021bu6o4ihtga927,kavitapatel584@gmail.com,Kavita Patel,kavitapatel,CITIZEN,2025-02-12 16:54:24.684,2025-02-12 16:54:24.684
cm725i68m021eu6o4ar7bjcbt,ajaykumar76@gmail.com,Ajay Kumar,ajaykumar,CITIZEN,2025-02-12 16:54:24.791,2025-02-12 16:54:24.791
cm725i6bh021hu6o4ba03oveb,preetisingh643@gmail.com,Preeti Singh,preetisingh,CITIZEN,2025-02-12 16:54:24.893,2025-02-12 16:54:24.893
cm725i6gs021mu6o4v4znluoa,rajatyadav402@gmail.com,Rajat Yadav,rajatyadav,CITIZEN,2025-02-12 16:54:25.084,2025-02-12 16:54:25.084
cm725i6q3021tu6o43zxmvdkv,priyankayadav454@gmail.com,Priyanka Yadav,priyankayadav,CITIZEN,2025-02-12 16:54:25.419,2025-02-12 16:54:25.419
cm725i6ta021wu6o44h7w1pl8,rajendrakumar114@gmail.com,Rajendra Kumar,rajendrakumar,CITIZEN,2025-02-12 16:54:25.535,2025-02-12 16:54:25.535
cm725i6wg021zu6o4r41ihb0u,ankitsingh907@gmail.com,Ankit Singh,ankitsingh,CITIZEN,2025-02-12 16:54:25.648,2025-02-12 16:54:25.648
cm725i6zl0222u6o4tj6imf2j,rekhadevi895@gmail.com,Rekha Devi,rekhadevi,CITIZEN,2025-02-12 16:54:25.762,2025-02-12 16:54:25.762
cm725i72k0225u6o4nc8cdurr,vinaytripathi806@gmail.com,Vinay Tripathi,vinaytripathi,CITIZEN,2025-02-12 16:54:25.868,2025-02-12 16:54:25.868
cm725i75t0228u6o44o1wmovt,neerajsingh55@gmail.com,Neeraj Singh,neerajsingh,CITIZEN,2025-02-12 16:54:25.985,2025-02-12 16:54:25.985