id,email,name,age,gender,address,departmentId,position,dateJoined,contactNumber,emergencyContact,bloodGroup,aadharNumber
cm725eiwv0001u6xkanqd169e,arun.kumar@up.gov.in,Arun Kumar,32,Male,"123 Civil Lines, Lucknow",cm725dgse000tu6h4upm5zpn9,Senior Worker,2025-01-01 00:00:00,9876543210,9876543299,B+,8745 6321 9854
cm725eixm0003u6xkcs2uq3m7,sunita.sharma@up.gov.in,Sunita Sharma,28,Female,"45 Gomti Nagar, Lucknow",cm725dgiu000eu6h40hxar6vi,Junior Worker,2025-01-01 00:00:00,9876543211,9876543298,O+,7845 6932 1478
cm725eixx0005u6xkznqc5qcq,rajesh.singh@up.gov.in,Rajesh Singh,35,Male,"78 Indira Nagar, Lucknow",cm725dgpg000ru6h4pja8ts0a,Field Worker,2025-01-01 00:00:00,9876543212,9876543297,A+,6589 7412 3698
cm725eiy70007u6xk2admbqbe,meera.verma@up.gov.in,Meera Verma,29,Female,"234 Hazratganj, Lucknow",cm725dgpg000ru6h4pja8ts0a,Senior Worker,2025-01-01 00:00:00,9876543213,9876543296,AB+,9632 5874 1478
cm725eiyh0009u6xk1gjkjev0,amitabh.joshi@up.gov.in,Amit Joshi,31,Male,"56 Aliganj, Lucknow",cm725dgfe000bu6h40byv631f,Junior Worker,2025-01-01 00:00:00,9876543214,9876543295,B-,7412 5896 3214
cm725eiys000bu6xkowiaqu3u,priyagupta21@gmail.com,Priya Gupta,27,Female,"89 Mahanagar, Lucknow",cm725dhjp001ku6h46h56cs13,Field Officer,2025-01-01 00:00:00,9451000001,9451000091,O-,8529 6374 1597
cm725eizh000du6xkq72mpczn,karanmalhotra45@gmail.com,Karan Malhotra,33,Male,"12 Vikas Nagar, Lucknow",cm725dfx50000u6h4y67rc83j,Technical Assistant,2025-01-01 00:00:00,9451000002,9451000092,A-,9517 5358 7456
cm725eizq000fu6xkell4xfxl,divyasrivastava32@gmail.com,Divya Srivastava,30,Female,"167 Butler Colony, Lucknow",cm725dg3k0003u6h4e8f3kb9h,Administrator,2025-01-01 00:00:00,9451000003,9451000093,AB-,7539 5168 4826
cm725eizz000hu6xkukdugn2b,arjunpatel78@gmail.com,Arjun Patel,34,Male,"45 Aminabad, Lucknow",cm725dhlg001lu6h4i24bf51k,Field Supervisor,2025-01-01 00:00:00,9451000004,9451000094,A+,8523 6974 1597
cm725ej08000ju6xkbieye29a,nidhisaxena55@gmail.com,Nidhi Saxena,29,Female,"23 Charbagh, Lucknow",cm725dgaz0008u6h4o1r9mtq7,Support Staff,2025-01-01 00:00:00,9451000005,9451000095,B+,9632 5874 1597
cm725ej0j000lu6xkyxov793p,rohityadav66@gmail.com,Rohit Yadav,31,Male,"78 Gomti Nagar, Lucknow",cm725dgv4000vu6h4pyaidp0c,Field Officer,2025-01-01 00:00:00,9451000041,9451000096,A+,7539 5148 2648
cm725ej0u000nu6xkqfyytqcl,anjalimishra89@gmail.com,Anjali Mishra,28,Female,"34 Indira Nagar, Lucknow",cm725dh6r0013u6h41cjnqq28,Technical Assistant,2025-01-01 00:00:00,9451000042,9451000097,B+,8523 6974 1597
cm725ej13000pu6xkeervkfli,sureshkumar23@gmail.com,Suresh Kumar,35,Male,"90 Hazratganj, Lucknow",cm725dgfe000bu6h40byv631f,Administrator,2025-01-01 00:00:00,9451000043,9451000098,O+,9517 5358 7456
cm725ej1c000ru6xk049h0f0u,poojasharma44@gmail.com,Pooja Sharma,30,Female,"12 Aliganj, Lucknow",cm725dg830006u6h44jyrjmcn,Field Supervisor,2025-01-01 00:00:00,9451000044,9451000099,AB+,7412 5896 3214
cm725ej1m000tu6xk3nd1gruk,manojtiwari77@gmail.com,Manoj Tiwari,32,Male,"56 Mahanagar, Lucknow",cm725dhlg001lu6h4i24bf51k,Support Staff,2025-01-01 00:00:00,9451000045,9451000100,B-,8529 6374 1597
cm725ej1x000vu6xkh31xrbsr,raviverma91@gmail.com,Ravi Verma,29,Male,"23 Civil Lines, Lucknow",cm725dgli000gu6h4ldtj08z8,Field Officer,2025-01-01 00:00:00,9451000136,9451000101,A-,9632 5874 1478
cm725ej26000xu6xkpfz9i8mx,nehagupta34@gmail.com,Neha Gupta,31,Female,"45 Butler Colony, Lucknow",cm725dgwf000wu6h4xx4n22q9,Technical Assistant,2025-01-01 00:00:00,9451000137,9451000102,O+,7845 6932 1478
cm725ej2g000zu6xkqgcg0hz5,amitsingh88@gmail.com,Amit Singh,34,Male,"89 Aminabad, Lucknow",cm725dg560004u6h4g36ue2gh,Administrator,2025-01-01 00:00:00,9451000138,9451000103,B+,8745 6321 9854
cm725ej2o0011u6xk3n9zc99g,meenakshirai67@gmail.com,Meenakshi Rai,27,Female,"12 Charbagh, Lucknow",cm725dg830006u6h44jyrjmcn,Field Supervisor,2025-01-01 00:00:00,9451000139,9451000104,AB+,6589 7412 3698
cm725ej2w0013u6xk3n2ikhx6,rakeshkumar43@gmail.com,Rakesh Kumar,33,Male,"78 Vikas Nagar, Lucknow",cm725dgc70009u6h4pqcjyeb5,Support Staff,2025-01-01 00:00:00,9451000140,9451000105,O-,9517 5358 7456
cm725ej3e0015u6xkkcyn7i8k,किरण.शर्मा229@gmail.com,किरण शर्मा,58,Female,"undefined, undefined, undefined, undefined, undefined, undefined, undefined",cm725dg560004u6h4g36ue2gh,first,2022-03-06 18:30:00,9734719373,,,6837 1177 1136
cm725ej3p0017u6xkouxai4ju,suresh.singh393@gmail.com,Suresh Singh,45,Female,"undefined, undefined, undefined, undefined, undefined, undefined, undefined",cm725dhlg001lu6h4i24bf51k,first,2021-08-05 18:30:00,9117635933,,,9101 1327 6401
cm725ej3y0019u6xk7s904rlo,sunita.gupta948@gmail.com,Sunita Gupta,31,Male,"undefined, undefined, undefined, undefined, undefined, undefined, undefined",cm725dgse000tu6h4upm5zpn9,second,2020-07-11 18:30:00,9202827791,,,6855 633 9181
cm725ej46001bu6xkjxebvy8b,vinod.yadav881@gmail.com,Vinod Yadav,22,Male,"undefined, undefined, undefined, undefined, undefined, undefined, undefined",cm725dgiu000eu6h40hxar6vi,second,2021-04-16 18:30:00,9815607906,,,5980 8404 2647
cm725ej4f001du6xkgfuqtowb,kavita.patel868@gmail.com,Kavita Patel,46,Male,"undefined, undefined, undefined, undefined, undefined, undefined, undefined",cm725dh1e000zu6h4sxki18bd,second,2021-01-05 18:30:00,9261579326,,,8496 8333 4951
cm725ej4p001fu6xk6w1boes2,poonam.devi760@gmail.com,Poonam Devi,55,Female,"undefined, undefined, undefined, undefined, undefined, undefined, undefined",cm725dg830006u6h44jyrjmcn,first,2022-04-14 18:30:00,9126628385,,,4365 8747 5251
cm725ej50001hu6xks8ohgfrc,कृष्ण.कुमार945@gmail.com,कृष्ण कुमार,29,Male,"undefined, undefined, undefined, undefined, undefined, undefined, undefined",cm725dhmz001mu6h4g3gzaxyy,third,2022-08-18 18:30:00,9838879690,,,215 5087 4842
cm725ej5a001ju6xkegiseydj,rishabh.kumar912@gmail.com,Rishabh Kumar,30,Male,"undefined, undefined, undefined, undefined, undefined, undefined, undefined",cm725dgfe000bu6h40byv631f,third,2021-12-20 18:30:00,9528900108,,,344 9392 621
cm725ej5j001lu6xk66t1heo1,किरण.कुमारी716@gmail.com,किरण कुमारी,26,Male,"undefined, undefined, undefined, undefined, undefined, undefined, undefined",cm725dhpn001ou6h45jky4k04,first,2022-02-27 18:30:00,9591210350,,,9242 8655 6304
cm725ej5s001nu6xkbxeql7dt,anjali.singh130@gmail.com,Anjali Singh,52,Male,"undefined, undefined, undefined, undefined, undefined, undefined, undefined",cm725dhc90017u6h4pclrf51x,second,2021-01-15 18:30:00,9367675162,,,3668 3190 3408
cm725ej60001pu6xkipi0m96r,priya.patel503@gmail.com,Priya Patel,56,Male,"undefined, undefined, undefined, undefined, undefined, undefined, undefined",cm725dgfe000bu6h40byv631f,first,2020-07-10 18:30:00,9382959309,,,1651 6332 9893
cm725ej69001ru6xkh6fglcdc,geeta.kumari145@gmail.com,Geeta Kumari,39,Male,"undefined, undefined, undefined, undefined, undefined, undefined, undefined",cm725dgwf000wu6h4xx4n22q9,third,2020-07-18 18:30:00,9164634353,,,9786 4654 6261
cm725ej6h001tu6xkz3b6r6cb,komal.verma553@gmail.com,Komal Verma,56,Male,"undefined, undefined, undefined, undefined, undefined, undefined, undefined",cm725dgzm000yu6h4ywfzbf9r,third,2020-11-29 18:30:00,9515757377,,,2679 8086 8946
cm725ej6v001vu6xkea0l3h36,anjali.gupta699@gmail.com,Anjali Gupta,38,Female,"undefined, undefined, undefined, undefined, undefined, undefined, undefined",cm725dh7z0014u6h48f1o32jf,second,2020-02-10 18:30:00,9525280945,,,6993 3591 6172
cm725ej76001xu6xkq6ink9ow,शिल्पा.देवी366@gmail.com,शिल्पा देवी,58,Female,"undefined, undefined, undefined, undefined, undefined, undefined, undefined",cm725dghl000du6h43wv647un,first,2021-09-26 18:30:00,9663188326,,,4943 4930 8911
cm725ej7f001zu6xkp0fvhmvb,manoj.kumar976@gmail.com,Manoj Kumar,20,Male,"undefined, undefined, undefined, undefined, undefined, undefined, undefined",cm725dgiu000eu6h40hxar6vi,first,2021-12-21 18:30:00,9641058850,,,8135 6368 307
cm725ej7o0021u6xkpg87ija7,प्रियंका.सिंह803@gmail.com,प्रियंका सिंह,37,Female,"undefined, undefined, undefined, undefined, undefined, undefined, undefined",cm725dh400011u6h42dk827m2,first,2020-06-13 18:30:00,9703457030,,,6173 3076 5177
cm725ej7w0023u6xkuxsplgkm,vikas.kumar260@gmail.com,Vikas Kumar,59,Male,"undefined, undefined, undefined, undefined, undefined, undefined, undefined",cm725dg9j0007u6h4tzh2udh2,third,2020-07-30 18:30:00,9127868621,,,7416 422 7268
cm725ej850025u6xk68rzcswe,मोहन.तिवारी699@gmail.com,मोहन तिवारी,32,Female,"undefined, undefined, undefined, undefined, undefined, undefined, undefined",cm725dh2l0010u6h4vffjc33n,third,2022-05-21 18:30:00,9192283946,,,4355 4657 6390
cm725ej8e0027u6xk3k8pmgba,vikram.patel662@gmail.com,Vikram Patel,36,Male,"undefined, undefined, undefined, undefined, undefined, undefined, undefined",cm725dh2l0010u6h4vffjc33n,third,2022-01-26 18:30:00,9562512328,,,7021 2049 1430
cm725ej8n0029u6xkg37cqoe7,अदिति.चौधरी80@gmail.com,अदिति चौधरी,40,Male,"undefined, undefined, undefined, undefined, undefined, undefined, undefined",cm725dgxt000xu6h4670vuanc,second,2021-04-15 18:30:00,9240271202,,,3975 6383 7591
cm725ej8v002bu6xkny4rzmax,ankit.kumar867@gmail.com,Ankit Kumar,34,Female,"undefined, undefined, undefined, undefined, undefined, undefined, undefined",cm725dgse000tu6h4upm5zpn9,third,2021-07-03 18:30:00,9148549868,,,5339 3273 2887
cm725ej94002du6xkqi0zxlhl,vikram.choudhary54@gmail.com,Vikram Choudhary,26,Female,"undefined, undefined, undefined, undefined, undefined, undefined, undefined",cm725dh6r0013u6h41cjnqq28,second,2022-11-16 18:30:00,9100818000,,,3806 9604 588
cm725ej9d002fu6xk6t2zirqx,राजवीर.सिंह652@gmail.com,राजवीर सिंह,23,Male,"undefined, undefined, undefined, undefined, undefined, undefined, undefined",cm725dg560004u6h4g36ue2gh,second,2021-06-01 18:30:00,9131405388,,,582 70 5300
cm725ej9n002hu6xkjapfy6ll,विक्रम.कुमार382@gmail.com,विक्रम कुमार,31,Female,"undefined, undefined, undefined, undefined, undefined, undefined, undefined",cm725dh9h0015u6h4t5wwsnen,second,2022-10-20 18:30:00,9705575195,,,154 5352 4641
cm725ej9w002ju6xkhmlu9c8h,सुमन.शर्मा369@gmail.com,सुमन शर्मा,50,Male,"undefined, undefined, undefined, undefined, undefined, undefined, undefined",cm725dhf50019u6h4doj7u8um,second,2022-02-13 18:30:00,9277176490,,,4708 1860 9966
cm725eja5002lu6xkcl66dzed,ajay.kumar903@gmail.com,Ajay Kumar,24,Male,"undefined, undefined, undefined, undefined, undefined, undefined, undefined",cm725dgxt000xu6h4670vuanc,second,2021-07-24 18:30:00,9228087462,,,8225 677 5543
cm725ejaf002nu6xk1wzy9vng,anjali.verma553@gmail.com,Anjali Verma,23,Male,"undefined, undefined, undefined, undefined, undefined, undefined, undefined",cm725dgdh000au6h4fagm9twc,third,2021-12-26 18:30:00,9345617550,,,5252 802 8830
cm725ejap002pu6xk5yzejhdm,sunita.devi863@gmail.com,Sunita Devi,26,Male,"undefined, undefined, undefined, undefined, undefined, undefined, undefined",cm725dgv4000vu6h4pyaidp0c,second,2020-10-04 18:30:00,9260749785,,,8681 7599 5104
cm725ejax002ru6xk9sqbgeic,विनोद.सिंह214@gmail.com,विनोद सिंह,48,Male,"undefined, undefined, undefined, undefined, undefined, undefined, undefined",cm725dg560004u6h4g36ue2gh,second,2021-12-16 18:30:00,9139748033,,,7726 7564 4763
cm725ejb8002tu6xkvqrt3oxt,ravi.yadav593@gmail.com,Ravi Yadav,42,Male,"undefined, undefined, undefined, undefined, undefined, undefined, undefined",cm725dgzm000yu6h4ywfzbf9r,third,2020-11-23 18:30:00,9801972007,,,1713 6865 5417
cm725ejbh002vu6xkapo0dve4,aman.yadav421@gmail.com,Aman Yadav,50,Female,"undefined, undefined, undefined, undefined, undefined, undefined, undefined",cm725dgfe000bu6h40byv631f,second,2020-03-03 18:30:00,9979033710,,,7185 2948 5951
cm725ejbp002xu6xkjon912wm,pankaj.mishra378@gmail.com,Pankaj Mishra,22,Male,"undefined, undefined, undefined, undefined, undefined, undefined, undefined",cm725dgli000gu6h4ldtj08z8,second,2021-03-31 18:30:00,9268745307,,,7825 9626 1262
cm725ejby002zu6xkvlkbhhup,harish.chandra640@gmail.com,Harish Chandra,42,Male,"undefined, undefined, undefined, undefined, undefined, undefined, undefined",cm725dg9j0007u6h4tzh2udh2,third,2020-03-19 18:30:00,9692861341,,,168 7640 9099
cm725ejc70031u6xkki1mm93p,आदित्य.यादव116@gmail.com,आदित्य यादव,21,Male,"undefined, undefined, undefined, undefined, undefined, undefined, undefined",cm725dh9h0015u6h4t5wwsnen,third,2020-06-19 18:30:00,9578373589,,,6732 729 6565
cm725ejch0033u6xk7lttdhr0,naveen.yadav529@gmail.com,Naveen Yadav,23,Male,"undefined, undefined, undefined, undefined, undefined, undefined, undefined",cm725dhax0016u6h4hi9y0qoy,first,2020-03-26 18:30:00,9475317199,,,7165 4450 3965
cm725ejcq0035u6xkxrt33y84,poonam.verma315@gmail.com,Poonam Verma,20,Male,"undefined, undefined, undefined, undefined, undefined, undefined, undefined",cm725dgv4000vu6h4pyaidp0c,first,2020-04-13 18:30:00,9263759800,,,949 9568 3983
cm725ejcz0037u6xkpzunsnol,manoj.tiwari698@gmail.com,Manoj Tiwari,57,Female,"undefined, undefined, undefined, undefined, undefined, undefined, undefined",cm725dgwf000wu6h4xx4n22q9,first,2020-11-02 18:30:00,9382231434,,,4718 8359 2235
cm725ejd80039u6xkau0ac6gy,sunil.verma317@gmail.com,Sunil Verma,46,Male,"undefined, undefined, undefined, undefined, undefined, undefined, undefined",cm725dh6r0013u6h41cjnqq28,third,2022-05-07 18:30:00,9331512016,,,3130 8604 8781
cm725ejdh003bu6xkp7zj5ad2,meenal.sharma605@gmail.com,Meenal Sharma,41,Male,"undefined, undefined, undefined, undefined, undefined, undefined, undefined",cm725dhob001nu6h4w6prlf4d,first,2021-06-13 18:30:00,9807465520,,,468 6719 1988
cm725ejdq003du6xkx9hehwwh,vishal.chaurasia293@gmail.com,Vishal Chaurasia,57,Male,"undefined, undefined, undefined, undefined, undefined, undefined, undefined",cm725dg1z0002u6h4amagnkym,second,2020-11-15 18:30:00,9658436276,,,1936 1767 9456
cm725ejdz003fu6xko8v216my,anjali.sharma793@gmail.com,Anjali Sharma,45,Male,"undefined, undefined, undefined, undefined, undefined, undefined, undefined",cm725dg3k0003u6h4e8f3kb9h,second,2021-03-19 18:30:00,9576821932,,,3372 3243 3872
cm725eje8003hu6xk9xndpzqc,poonam.yadav456@gmail.com,Poonam Yadav,45,Male,"undefined, undefined, undefined, undefined, undefined, undefined, undefined",cm725dh2l0010u6h4vffjc33n,first,2020-11-20 18:30:00,9626499264,,,1629 1743 8489
cm725ejei003ju6xk3x3kzufs,himanshu.singh494@gmail.com,Himanshu Singh,21,Male,"undefined, undefined, undefined, undefined, undefined, undefined, undefined",cm725dfx50000u6h4y67rc83j,second,2022-11-11 18:30:00,9194748000,,,3399 8917 43
cm725ejeq003lu6xkf5rvh4lz,harpreet.singh689@gmail.com,Harpreet Singh,32,Female,"undefined, undefined, undefined, undefined, undefined, undefined, undefined",cm725dgiu000eu6h40hxar6vi,first,2020-10-10 18:30:00,9192435550,,,460 1121 8867
cm725ejez003nu6xktfyvxinw,vikas.kumar485@gmail.com,Vikas Kumar,42,Male,"undefined, undefined, undefined, undefined, undefined, undefined, undefined",cm725dhpn001ou6h45jky4k04,first,2022-01-17 18:30:00,9568133141,,,9187 5587 3913
cm725ejf9003pu6xkb3plz8ey,राहुल.यादव25@gmail.com,राहुल यादव,44,Male,"undefined, undefined, undefined, undefined, undefined, undefined, undefined",cm725dgqu000su6h4g27ffdzk,first,2021-12-19 18:30:00,9172678396,,,4079 6104 7251
cm725ejfj003ru6xkg85deelc,anita.sharma464@gmail.com,Anita Sharma,47,Male,"undefined, undefined, undefined, undefined, undefined, undefined, undefined",cm725dgiu000eu6h40hxar6vi,second,2020-12-18 18:30:00,9742482774,,,721 7921 7433
cm725ejfs003tu6xksaqf4eqb,राकेश.कुमार279@gmail.com,राकेश कुमार,49,Male,"undefined, undefined, undefined, undefined, undefined, undefined, undefined",cm725dhc90017u6h4pclrf51x,second,2020-04-12 18:30:00,9302224688,,,2283 1741 8235
cm725ejg1003vu6xkq9tnir5k,गोविंद.यादव555@gmail.com,गोविंद यादव,57,Male,"undefined, undefined, undefined, undefined, undefined, undefined, undefined",cm725dh6r0013u6h41cjnqq28,second,2021-02-19 18:30:00,9737125531,,,9946 4809 4741
cm725ejga003xu6xkr57xpi7s,संदीप.सिंह660@gmail.com,संदीप सिंह,43,Male,"undefined, undefined, undefined, undefined, undefined, undefined, undefined",cm725dgaz0008u6h4o1r9mtq7,first,2022-10-22 18:30:00,9207822420,,,2777 689 4209
cm725ejgk003zu6xkf1avn5dx,priya.kumari289@gmail.com,Priya Kumari,52,Male,"undefined, undefined, undefined, undefined, undefined, undefined, undefined",cm725dh5e0012u6h479zkreaz,first,2020-06-13 18:30:00,9576585935,,,1676 4968 9206
cm725ejgu0041u6xkunbb7s6s,ravi.shankar270@gmail.com,Ravi Shankar,27,Male,"undefined, undefined, undefined, undefined, undefined, undefined, undefined",cm725dgv4000vu6h4pyaidp0c,second,2020-06-11 18:30:00,9777592521,,,6162 6361 4554
cm725ejh30043u6xkw70puie2,rashmi.agarwal947@gmail.com,Rashmi Agarwal,43,Male,"undefined, undefined, undefined, undefined, undefined, undefined, undefined",cm725dh6r0013u6h41cjnqq28,third,2020-12-17 18:30:00,9842834538,,,9645 8943 293
cm725ejhc0045u6xk7yaoyi0z,sudhir.kapoor333@gmail.com,Sudhir Kapoor,46,Male,"undefined, undefined, undefined, undefined, undefined, undefined, undefined",cm725dh9h0015u6h4t5wwsnen,second,2021-03-20 18:30:00,9619778323,,,7076 7712 6601
cm725ejhm0047u6xkazinrjca,माया.शर्मा446@gmail.com,माया शर्मा,58,Male,"undefined, undefined, undefined, undefined, undefined, undefined, undefined",cm725dh2l0010u6h4vffjc33n,first,2022-11-22 18:30:00,9329605270,,,7326 5585 5121
cm725ejhu0049u6xk44y1ox27,suresh.gupta257@gmail.com,Suresh Gupta,49,Male,"undefined, undefined, undefined, undefined, undefined, undefined, undefined",cm725dggi000cu6h4gbmwutvf,third,2020-05-10 18:30:00,9771129484,,,2776 8642 1846
cm725eji2004bu6xkfvisfclx,माया.शर्मा127@gmail.com,माया शर्मा,41,Female,"undefined, undefined, undefined, undefined, undefined, undefined, undefined",cm725dg830006u6h44jyrjmcn,third,2020-02-05 18:30:00,9225021734,,,5978 120 2105
cm725ejia004du6xkuammi53s,नलिनी.देवी388@gmail.com,नलिनी देवी,33,Male,"undefined, undefined, undefined, undefined, undefined, undefined, undefined",cm725dg6o0005u6h4jkjbkawz,third,2020-05-16 18:30:00,9256068630,,,7939 4633 1152
cm725ejil004fu6xkzt8ytmtr,nisha.pandey840@gmail.com,Nisha Pandey,34,Male,"undefined, undefined, undefined, undefined, undefined, undefined, undefined",cm725dhlg001lu6h4i24bf51k,second,2021-01-05 18:30:00,9459411419,,,5177 9809 7365
cm725ejiu004hu6xkk9ettlhv,अलका.देवी957@gmail.com,अलका देवी,42,Female,"undefined, undefined, undefined, undefined, undefined, undefined, undefined",cm725dgqu000su6h4g27ffdzk,third,2022-01-14 18:30:00,9885924635,,,2060 1404 3459
cm725ejj2004ju6xk08u9sr46,अनिता.देवी131@gmail.com,अनिता देवी,59,Female,"undefined, undefined, undefined, undefined, undefined, undefined, undefined",cm725dgdh000au6h4fagm9twc,third,2022-09-21 18:30:00,9418357976,,,4806 878 3817
cm725ejja004lu6xkc1ri87zo,अवधेश.कुमार684@gmail.com,अवधेश कुमार,53,Female,"undefined, undefined, undefined, undefined, undefined, undefined, undefined",cm725dgli000gu6h4ldtj08z8,second,2020-10-19 18:30:00,9672864779,,,2770 792 7235
cm725ejjj004nu6xktia1mqr3,ramesh.gupta173@gmail.com,Ramesh Gupta,52,Male,"undefined, undefined, undefined, undefined, undefined, undefined, undefined",cm725dhob001nu6h4w6prlf4d,third,2022-12-19 18:30:00,9905732112,,,2509 4169 3684
cm725ejjs004pu6xkide2ecgx,vikram.verma314@gmail.com,Vikram Verma,56,Female,"undefined, undefined, undefined, undefined, undefined, undefined, undefined",cm725dg3k0003u6h4e8f3kb9h,second,2019-12-30 18:30:00,9614436936,,,4005 2618 4883
cm725ejk1004ru6xkfebn0p9s,anil.verma419@gmail.com,Anil Verma,50,Male,"undefined, undefined, undefined, undefined, undefined, undefined, undefined",cm725dggi000cu6h4gbmwutvf,third,2020-02-10 18:30:00,9208798323,,,8761 1690 2903
cm725ejk9004tu6xkdkraxglc,shyam.sundar718@gmail.com,Shyam Sundar,28,Male,"undefined, undefined, undefined, undefined, undefined, undefined, undefined",cm725dg0e0001u6h4by5yx0yk,first,2020-08-23 18:30:00,9592584244,,,3201 691 6893
cm725ejkj004vu6xkar8erbd5,कुणाल.कुमार67@gmail.com,कुणाल कुमार,59,Male,"undefined, undefined, undefined, undefined, undefined, undefined, undefined",cm725dg830006u6h44jyrjmcn,second,2020-02-23 18:30:00,9779974200,,,6542 8947 2652
cm725ejks004xu6xk5abovzk2,rahul.verma49@gmail.com,Rahul Verma,42,Male,"undefined, undefined, undefined, undefined, undefined, undefined, undefined",cm725dg1z0002u6h4amagnkym,first,2021-08-13 18:30:00,9452989618,,,6306 1439 7226
cm725ejl2004zu6xk9wejanaq,sheetal.sharma27@gmail.com,Sheetal Sharma,37,Male,"undefined, undefined, undefined, undefined, undefined, undefined, undefined",cm725dgxt000xu6h4670vuanc,first,2020-11-18 18:30:00,9293004892,,,7194 1616 635
cm725ejld0051u6xkilypy2x0,kartik.patel34@gmail.com,Kartik Patel,26,Male,"undefined, undefined, undefined, undefined, undefined, undefined, undefined",cm725dgpg000ru6h4pja8ts0a,third,2022-02-12 18:30:00,9257304110,,,280 9191 1656
cm725ejln0053u6xkby2i85ur,rajeev.yadav734@gmail.com,Rajeev Yadav,42,Male,"undefined, undefined, undefined, undefined, undefined, undefined, undefined",cm725dgv4000vu6h4pyaidp0c,second,2021-08-24 18:30:00,9146037119,,,862 9099 1592
cm725ejlx0055u6xkijxl6ppu,ashok.yadav132@gmail.com,Ashok Yadav,52,Female,"undefined, undefined, undefined, undefined, undefined, undefined, undefined",cm725dhmz001mu6h4g3gzaxyy,first,2021-06-26 18:30:00,9869516654,,,1787 2134 5119
cm725ejm60057u6xkkfuusg9s,ritika.kumari991@gmail.com,Ritika Kumari,31,Male,"undefined, undefined, undefined, undefined, undefined, undefined, undefined",cm725dgiu000eu6h40hxar6vi,third,2022-12-24 18:30:00,9617504400,,,8777 4941 4992
cm725ejmf0059u6xkxyoy5kcj,ramesh.patel643@gmail.com,Ramesh Patel,34,Male,"undefined, undefined, undefined, undefined, undefined, undefined, undefined",cm725dh7z0014u6h48f1o32jf,third,2020-05-14 18:30:00,9942968872,,,1174 9311 6315
cm725ejmr005bu6xkeml1zbke,लक्ष्मी.देवी478@gmail.com,लक्ष्मी देवी,23,Male,"undefined, undefined, undefined, undefined, undefined, undefined, undefined",cm725dg830006u6h44jyrjmcn,second,2021-12-10 18:30:00,9940354758,,,1180 2070 4241
cm725ejn0005du6xkzl63ane0,suman.sharma44@gmail.com,Suman Sharma,21,Male,"undefined, undefined, undefined, undefined, undefined, undefined, undefined",cm725dggi000cu6h4gbmwutvf,third,2020-06-01 18:30:00,9240355057,,,1839 1763 1988
cm725ejna005fu6xkubefogve,मनीष.कुमार868@gmail.com,मनीष कुमार,53,Female,"undefined, undefined, undefined, undefined, undefined, undefined, undefined",cm725dgli000gu6h4ldtj08z8,first,2021-12-03 18:30:00,9598181767,,,6435 1794 4696
cm725ejnj005hu6xkbav5tjpq,meera.verma45@gmail.com,Meera Verma,56,Male,"undefined, undefined, undefined, undefined, undefined, undefined, undefined",cm725dgfe000bu6h40byv631f,third,2021-12-13 18:30:00,9126991672,,,7167 5867 3509
cm725ejns005ju6xkv6kepfiy,rajesh.gupta301@gmail.com,Rajesh Gupta,43,Male,"undefined, undefined, undefined, undefined, undefined, undefined, undefined",cm725dgzm000yu6h4ywfzbf9r,third,2022-01-25 18:30:00,9363714174,,,3682 159 7307
cm725ejo1005lu6xkfwyroc48,नमिता.यादव76@gmail.com,नमिता यादव,29,Male,"undefined, undefined, undefined, undefined, undefined, undefined, undefined",cm725dhlg001lu6h4i24bf51k,third,2020-05-15 18:30:00,9562206776,,,5537 5092 5916
cm725ejo9005nu6xkwrl0k1wy,नमिता.यादव705@gmail.com,नमिता यादव,28,Male,"undefined, undefined, undefined, undefined, undefined, undefined, undefined",cm725dgc70009u6h4pqcjyeb5,second,2020-06-22 18:30:00,9854572473,,,4956 8816 1520
cm725ejoj005pu6xk6nulmkss,vishal.yadav787@gmail.com,Vishal Yadav,51,Male,"undefined, undefined, undefined, undefined, undefined, undefined, undefined",cm725dh9h0015u6h4t5wwsnen,first,2020-10-13 18:30:00,9937420800,,,7058 752 4014
cm725ejow005ru6xkxsz1w5ji,suman.kumari781@gmail.com,Suman Kumari,48,Male,"undefined, undefined, undefined, undefined, undefined, undefined, undefined",cm725dg6o0005u6h4jkjbkawz,third,2021-04-18 18:30:00,9864815609,,,4840 1400 31
cm725ejp5005tu6xkckvqfzm7,rashmi.agarwal577@gmail.com,Rashmi Agarwal,56,Male,"undefined, undefined, undefined, undefined, undefined, undefined, undefined",cm725dh5e0012u6h479zkreaz,second,2020-09-01 18:30:00,9732665668,,,8537 9701 7916
cm725ejph005vu6xkgxtywj23,नीतू.सिंह606@gmail.com,नीतू सिंह,27,Male,"undefined, undefined, undefined, undefined, undefined, undefined, undefined",cm725dhf50019u6h4doj7u8um,second,2022-02-23 18:30:00,9938770420,,,7371 5830 6335
cm725ejpp005xu6xku9t4kg0a,सीमा.देवी154@gmail.com,सीमा देवी,49,Female,"undefined, undefined, undefined, undefined, undefined, undefined, undefined",cm725dfx50000u6h4y67rc83j,third,2022-08-15 18:30:00,9575975856,,,4796 6592 4640
cm725ejpy005zu6xk8os514a6,simran.kaur602@gmail.com,Simran Kaur,41,Female,"undefined, undefined, undefined, undefined, undefined, undefined, undefined",cm725dh7z0014u6h48f1o32jf,second,2022-05-15 18:30:00,9623907968,,,6363 4109 4914
cm725ejq70061u6xka09h27cq,लक्ष्मी.देवी831@gmail.com,लक्ष्मी देवी,40,Female,"undefined, undefined, undefined, undefined, undefined, undefined, undefined",cm725dgqu000su6h4g27ffdzk,second,2021-05-14 18:30:00,9118042944,,,6982 5235 112
cm725ejqh0063u6xkyn5acbg7,vikram.verma86@gmail.com,Vikram Verma,32,Male,"undefined, undefined, undefined, undefined, undefined, undefined, undefined",cm725dg1z0002u6h4amagnkym,third,2020-07-20 18:30:00,9269731048,,,7489 719 4385
cm725ejqp0065u6xkga1hvw01,विक्रम.यादव893@gmail.com,विक्रम यादव,59,Male,"undefined, undefined, undefined, undefined, undefined, undefined, undefined",cm725dh5e0012u6h479zkreaz,second,2021-06-07 18:30:00,9990201218,,,2192 6873 227
cm725ejqy0067u6xketjrwzbp,वीरेंद्र.यादव815@gmail.com,वीरेंद्र यादव,22,Male,"undefined, undefined, undefined, undefined, undefined, undefined, undefined",cm725dgk6000fu6h4bwj5qyj4,first,2020-11-07 18:30:00,9573067197,,,8086 115 5601
cm725ejr70069u6xk880ot1pq,कुमारी.साक्षी871@gmail.com,कुमारी साक्षी,42,Female,"undefined, undefined, undefined, undefined, undefined, undefined, undefined",cm725dhf50019u6h4doj7u8um,first,2021-08-11 18:30:00,9375552120,,,4368 9332 7604
cm725ejrf006bu6xkl6i8xk9z,vikram.patel326@gmail.com,Vikram Patel,30,Male,"undefined, undefined, undefined, undefined, undefined, undefined, undefined",cm725dgxt000xu6h4670vuanc,first,2021-11-05 18:30:00,9616541204,,,9007 5499 4295
cm725ejrn006du6xke359mjov,seema.verma19@gmail.com,Seema Verma,20,Male,"undefined, undefined, undefined, undefined, undefined, undefined, undefined",cm725dhmz001mu6h4g3gzaxyy,third,2021-07-12 18:30:00,9480346610,,,853 2218 3143
cm725ejrw006fu6xkp4l2ets6,simran.sharma733@gmail.com,Simran Sharma,49,Male,"undefined, undefined, undefined, undefined, undefined, undefined, undefined",cm725dgse000tu6h4upm5zpn9,second,2022-12-09 18:30:00,9849218426,,,256 1655 869
cm725ejs5006hu6xktjr06uc1,priti.kumari430@gmail.com,Priti Kumari,48,Male,"undefined, undefined, undefined, undefined, undefined, undefined, undefined",cm725dg6o0005u6h4jkjbkawz,third,2021-11-22 18:30:00,9954076048,,,3613 3724 9407
cm725ejsd006ju6xk27vzgkzc,बबलू.मिश्रा525@gmail.com,बबलू मिश्रा,31,Male,"undefined, undefined, undefined, undefined, undefined, undefined, undefined",cm725dg560004u6h4g36ue2gh,first,2022-04-21 18:30:00,9749187737,,,5035 6094 7008
cm725ejsm006lu6xk4rjk1cen,neelam.singh313@gmail.com,Neelam Singh,43,Male,"undefined, undefined, undefined, undefined, undefined, undefined, undefined",cm725dh6r0013u6h41cjnqq28,first,2020-08-12 18:30:00,9554316692,,,8897 3971 1840
cm725ejsv006nu6xkimejqrll,vishal.yadav303@gmail.com,Vishal Yadav,59,Female,"undefined, undefined, undefined, undefined, undefined, undefined, undefined",cm725dgc70009u6h4pqcjyeb5,third,2022-10-25 18:30:00,9779080258,,,7211 7328 9045
cm725ejt5006pu6xk9nfvps3k,kavita.kumari338@gmail.com,Kavita Kumari,31,Female,"undefined, undefined, undefined, undefined, undefined, undefined, undefined",cm725dgzm000yu6h4ywfzbf9r,first,2021-08-23 18:30:00,9873845412,,,7658 6668 7843
cm725ejte006ru6xkmb0h9moe,vijay.verma129@gmail.com,Vijay Verma,49,Male,"undefined, undefined, undefined, undefined, undefined, undefined, undefined",cm725dg9j0007u6h4tzh2udh2,first,2022-02-21 18:30:00,9441023660,,,9345 2223 3001
cm725ejto006tu6xkd8k9s26f,anjali.verma910@gmail.com,Anjali Verma,38,Male,"undefined, undefined, undefined, undefined, undefined, undefined, undefined",cm725dgxt000xu6h4670vuanc,first,2020-06-06 18:30:00,9631556701,,,7358 1698 6648
cm725ejtw006vu6xk2tyf90t8,लक्ष्मी.देवी373@gmail.com,लक्ष्मी देवी,49,Male,"undefined, undefined, undefined, undefined, undefined, undefined, undefined",cm725dh7z0014u6h48f1o32jf,third,2020-02-25 18:30:00,9498922477,,,5127 7359 3725
cm725eju5006xu6xkexcyqvs1,sunil.agarwal854@gmail.com,Sunil Agarwal,32,Male,"undefined, undefined, undefined, undefined, undefined, undefined, undefined",cm725dfx50000u6h4y67rc83j,second,2021-12-02 18:30:00,9709191246,,,8607 2660 4824
cm725ejud006zu6xkqi5g41r5,rohit.yadav163@gmail.com,Rohit Yadav,39,Male,"undefined, undefined, undefined, undefined, undefined, undefined, undefined",cm725dgv4000vu6h4pyaidp0c,third,2022-11-08 18:30:00,9719894675,,,9359 5334 361
cm725ejun0071u6xkd7h14lyk,sushil.kumar170@gmail.com,Sushil Kumar,34,Male,"undefined, undefined, undefined, undefined, undefined, undefined, undefined",cm725dg830006u6h44jyrjmcn,third,2021-10-01 18:30:00,9704583339,,,1905 6520 134
cm725ejuv0073u6xk3vepvk8b,shalini.rani120@gmail.com,Shalini Rani,58,Male,"undefined, undefined, undefined, undefined, undefined, undefined, undefined",cm725dgzm000yu6h4ywfzbf9r,first,2020-05-22 18:30:00,9581102507,,,1397 9198 4121
cm725ejv40075u6xkqsfyy1ak,rajendra.kumar936@gmail.com,Rajendra Kumar,23,Male,"undefined, undefined, undefined, undefined, undefined, undefined, undefined",cm725dgiu000eu6h40hxar6vi,second,2021-09-07 18:30:00,9959663240,,,3472 6235 5001
cm725ejvd0077u6xkq93ul9ny,jitendra.singh546@gmail.com,Jitendra Singh,42,Male,"undefined, undefined, undefined, undefined, undefined, undefined, undefined",cm725dg9j0007u6h4tzh2udh2,first,2021-05-19 18:30:00,9204090335,,,5426 1030 4506
cm725ejvm0079u6xk4g8ypbak,सुषमा.देवी486@gmail.com,सुषमा देवी,45,Male,"undefined, undefined, undefined, undefined, undefined, undefined, undefined",cm725dg1z0002u6h4amagnkym,first,2021-01-23 18:30:00,9736749571,,,7812 4062 4732
cm725ejvw007bu6xkjql8rku6,neha.rani150@gmail.com,Neha Rani,47,Male,"undefined, undefined, undefined, undefined, undefined, undefined, undefined",cm725dg830006u6h44jyrjmcn,first,2021-09-15 18:30:00,9440574328,,,3226 5050 2039
cm725ejw6007du6xkxwr00i3i,प्रकाश.सिंह321@gmail.com,प्रकाश सिंह,57,Female,"undefined, undefined, undefined, undefined, undefined, undefined, undefined",cm725dhmz001mu6h4g3gzaxyy,first,2022-10-05 18:30:00,9414375613,,,145 7895 9297
cm725ejwe007fu6xkwes82glx,meera.verma481@gmail.com,Meera Verma,28,Male,"undefined, undefined, undefined, undefined, undefined, undefined, undefined",cm725dgto000uu6h4jaf7uft4,third,2020-12-09 18:30:00,9456856170,,,2583 3050 9774
cm725ejwo007hu6xk2y8ck73q,sanjay.gupta622@gmail.com,Sanjay Gupta,26,Male,"undefined, undefined, undefined, undefined, undefined, undefined, undefined",cm725dg830006u6h44jyrjmcn,second,2021-01-01 18:30:00,9691068962,,,9766 7613 8917
cm725ejww007ju6xk0izip9lk,rohit.mehta712@gmail.com,Rohit Mehta,54,Male,"undefined, undefined, undefined, undefined, undefined, undefined, undefined",cm725dgdh000au6h4fagm9twc,first,2021-06-06 18:30:00,9703323428,,,2629 6381 2852
cm725ejx5007lu6xksbmkgegb,गोलू.यादव132@gmail.com,गोलू यादव,30,Male,"undefined, undefined, undefined, undefined, undefined, undefined, undefined",cm725dhf50019u6h4doj7u8um,second,2020-05-01 18:30:00,9905054400,,,27 3448 1239
cm725ejxd007nu6xkof4wp2in,कमल.कुमारी806@gmail.com,कमल कुमारी,27,Male,"undefined, undefined, undefined, undefined, undefined, undefined, undefined",cm725dh1e000zu6h4sxki18bd,second,2020-01-07 18:30:00,9992864101,,,3646 329 7029
cm725ejxm007pu6xk3my9mbuz,suman.rani746@gmail.com,Suman Rani,47,Female,"undefined, undefined, undefined, undefined, undefined, undefined, undefined",cm725dgpg000ru6h4pja8ts0a,first,2020-06-16 18:30:00,9849557070,,,5047 5277 4257
cm725ejxu007ru6xkd5u2yzs4,nisha.pandey16@gmail.com,Nisha Pandey,43,Male,"undefined, undefined, undefined, undefined, undefined, undefined, undefined",cm725dh2l0010u6h4vffjc33n,third,2021-09-23 18:30:00,9474985014,,,9394 4846 210
cm725ejy2007tu6xkwxvd9vkf,pooja.gupta533@gmail.com,Pooja Gupta,50,Male,"undefined, undefined, undefined, undefined, undefined, undefined, undefined",cm725dg6o0005u6h4jkjbkawz,first,2021-03-01 18:30:00,9828145741,,,2364 6275 9810
cm725ejya007vu6xkj3q1bbes,rajeev.kumar382@gmail.com,Rajeev Kumar,46,Male,"undefined, undefined, undefined, undefined, undefined, undefined, undefined",cm725dghl000du6h43wv647un,second,2021-11-01 18:30:00,9702777773,,,3152 837 7683
cm725ejyi007xu6xkkd9q8ues,संदीप.सिंह715@gmail.com,संदीप सिंह,43,Male,"undefined, undefined, undefined, undefined, undefined, undefined, undefined",cm725dh5e0012u6h479zkreaz,second,2022-10-26 18:30:00,9202434902,,,6849 4750 1397
cm725ejyr007zu6xk4ro62xp9,ram.singh91@gmail.com,Ram Singh,47,Male,"undefined, undefined, undefined, undefined, undefined, undefined, undefined",cm725dgqu000su6h4g27ffdzk,first,2021-06-15 18:30:00,9995026834,,,7720 6025 6746
cm725ejz20081u6xkkhj6vpcx,नीलम.सिंह988@gmail.com,नीलम सिंह,37,Male,"undefined, undefined, undefined, undefined, undefined, undefined, undefined",cm725dg560004u6h4g36ue2gh,third,2021-05-15 18:30:00,9359874196,,,7439 882 678
cm725ejzc0083u6xk2sabng1e,rajesh.pandey183@gmail.com,Rajesh Pandey,29,Male,"undefined, undefined, undefined, undefined, undefined, undefined, undefined",cm725dhax0016u6h4hi9y0qoy,third,2021-06-22 18:30:00,9338525649,,,5071 6612 9415
cm725ejzk0085u6xkifna9twm,शिवानी.देवी464@gmail.com,शिवानी देवी,42,Male,"undefined, undefined, undefined, undefined, undefined, undefined, undefined",cm725dh1e000zu6h4sxki18bd,first,2020-04-05 18:30:00,9160058411,,,417 3993 1435
cm725ejzt0087u6xkvk1o2f9a,kiran.yadav438@gmail.com,Kiran Yadav,27,Male,"undefined, undefined, undefined, undefined, undefined, undefined, undefined",cm725dh9h0015u6h4t5wwsnen,third,2020-07-10 18:30:00,9918409120,,,2896 4569 5433
cm725ek040089u6xk02hadsy1,anita.singh766@gmail.com,Anita Singh,32,Female,"undefined, undefined, undefined, undefined, undefined, undefined, undefined",cm725dgse000tu6h4upm5zpn9,third,2020-02-09 18:30:00,9422712821,,,7031 7862 8044
cm725ek0i008bu6xkdbcqi175,neelam.devi434@gmail.com,Neelam Devi,53,Male,"undefined, undefined, undefined, undefined, undefined, undefined, undefined",cm725dhob001nu6h4w6prlf4d,second,2022-08-31 18:30:00,9712555895,,,5379 9896 1300
cm725ek0s008du6xku4oqqgp4,rakesh.kumar150@gmail.com,Rakesh Kumar,55,Male,"undefined, undefined, undefined, undefined, undefined, undefined, undefined",cm725dgqu000su6h4g27ffdzk,second,2020-01-19 18:30:00,9829032109,,,1415 4776 9396
cm725ek11008fu6xkr04cbn6z,gopal.yadav961@gmail.com,Gopal Yadav,39,Male,"undefined, undefined, undefined, undefined, undefined, undefined, undefined",cm725dh5e0012u6h479zkreaz,second,2021-06-12 18:30:00,9340795673,,,1573 983 1986
cm725ek1a008hu6xkmhddxb9g,सुनीता.सिंह68@gmail.com,सुनीता सिंह,43,Male,"undefined, undefined, undefined, undefined, undefined, undefined, undefined",cm725dg0e0001u6h4by5yx0yk,third,2022-07-24 18:30:00,9176797540,,,9420 6045 8767
cm725ek1k008ju6xktsb6y00w,rishabh.kumar836@gmail.com,Rishabh Kumar,29,Male,"undefined, undefined, undefined, undefined, undefined, undefined, undefined",cm725dghl000du6h43wv647un,second,2022-04-03 18:30:00,9785868128,,,1877 1200 9768
cm725ek1t008lu6xkclspmtzq,कुमारी.साक्षी22@gmail.com,कुमारी साक्षी,42,Male,"undefined, undefined, undefined, undefined, undefined, undefined, undefined",cm725dgli000gu6h4ldtj08z8,first,2020-09-12 18:30:00,9670457767,,,4554 4932 2881
cm725ek22008nu6xkppf5t3n6,sakshi.gupta385@gmail.com,Sakshi Gupta,55,Male,"undefined, undefined, undefined, undefined, undefined, undefined, undefined",cm725dgwf000wu6h4xx4n22q9,third,2021-03-01 18:30:00,9575448349,,,7742 4296 9018
cm725ek2c008pu6xkzw8lqjzm,रेखा.वर्मा699@gmail.com,रेखा वर्मा,31,Male,"undefined, undefined, undefined, undefined, undefined, undefined, undefined",cm725dh1e000zu6h4sxki18bd,first,2022-02-21 18:30:00,9976632977,,,7320 18 9357
cm725ek2l008ru6xkcp6pfopm,pankaj.verma242@gmail.com,Pankaj Verma,28,Male,"undefined, undefined, undefined, undefined, undefined, undefined, undefined",cm725dgxt000xu6h4670vuanc,third,2022-05-09 18:30:00,9881616695,,,2036 9584 3639
cm725ek2u008tu6xk3pw1p8up,नंदनी.कुमारी400@gmail.com,नंदनी कुमारी,34,Male,"undefined, undefined, undefined, undefined, undefined, undefined, undefined",cm725dhlg001lu6h4i24bf51k,third,2021-06-17 18:30:00,9441680273,,,6872 5602 8450
cm725ek34008vu6xk5csywu2p,nitin.sharma708@gmail.com,Nitin Sharma,50,Male,"undefined, undefined, undefined, undefined, undefined, undefined, undefined",cm725dg1z0002u6h4amagnkym,second,2021-08-21 18:30:00,9243574750,,,3288 7984 8007
cm725ek3e008xu6xkg7zmx4po,rajesh.kumar983@gmail.com,Rajesh Kumar,21,Male,"undefined, undefined, undefined, undefined, undefined, undefined, undefined",cm725dh9h0015u6h4t5wwsnen,second,2020-06-12 18:30:00,9311505831,,,6891 8408 8727
cm725ek3o008zu6xktbvblb0f,pankaj.verma992@gmail.com,Pankaj Verma,42,Male,"undefined, undefined, undefined, undefined, undefined, undefined, undefined",cm725dgc70009u6h4pqcjyeb5,third,2021-10-10 18:30:00,9457001669,,,6803 4935 8175
cm725ek3y0091u6xkp6qd1an2,नीलम.सिंह44@gmail.com,नीलम सिंह,24,Female,"undefined, undefined, undefined, undefined, undefined, undefined, undefined",cm725dh5e0012u6h479zkreaz,first,2022-02-25 18:30:00,9991550109,,,5252 2512 7881
cm725ek480093u6xkf5z32jc2,अरविंद.चौधरी680@gmail.com,अरविंद चौधरी,34,Male,"undefined, undefined, undefined, undefined, undefined, undefined, undefined",cm725dh5e0012u6h479zkreaz,second,2021-06-26 18:30:00,9768620525,,,7345 2339 1810
cm725ek4j0095u6xkikhnooa2,nisha.gupta396@gmail.com,Nisha Gupta,51,Male,"undefined, undefined, undefined, undefined, undefined, undefined, undefined",cm725dgc70009u6h4pqcjyeb5,second,2022-12-03 18:30:00,9143581387,,,1581 8695 3065
cm725ek4u0097u6xk1twjujel,suresh.verma184@gmail.com,Suresh Verma,43,Male,"undefined, undefined, undefined, undefined, undefined, undefined, undefined",cm725dgxt000xu6h4670vuanc,third,2022-06-25 18:30:00,9658585690,,,8569 9694 4980
cm725ek560099u6xk3fpcpmtg,geeta.singh174@gmail.com,Geeta Singh,44,Male,"undefined, undefined, undefined, undefined, undefined, undefined, undefined",cm725dgwf000wu6h4xx4n22q9,first,2021-03-13 18:30:00,9122876365,,,7201 6191 6732
cm725ek5e009bu6xk2053zvpa,rakesh.kumar525@gmail.com,Rakesh Kumar,21,Male,"undefined, undefined, undefined, undefined, undefined, undefined, undefined",cm725dh400011u6h42dk827m2,third,2020-02-23 18:30:00,9426395844,,,3382 8000 1248
cm725ek5n009du6xklsaq8f4r,pankaj.singh207@gmail.com,Pankaj Singh,34,Female,"undefined, undefined, undefined, undefined, undefined, undefined, undefined",cm725dh1e000zu6h4sxki18bd,second,2020-10-31 18:30:00,9950967563,,,6842 5576 6168
cm725ek5x009fu6xk3k6dhthb,soniya.rani800@gmail.com,Soniya Rani,22,Male,"undefined, undefined, undefined, undefined, undefined, undefined, undefined",cm725dgk6000fu6h4bwj5qyj4,third,2021-10-24 18:30:00,9165598750,,,8066 6419 151
cm725ek66009hu6xk9epb63r7,राजेश.कुमार338@gmail.com,राजेश कुमार,49,Male,"undefined, undefined, undefined, undefined, undefined, undefined, undefined",cm725dhdq0018u6h47pt3qkl8,first,2022-12-24 18:30:00,9370120795,,,8929 6650 6994
cm725ek6f009ju6xkwg037wsu,vinod.sharma966@gmail.com,Vinod Sharma,39,Male,"undefined, undefined, undefined, undefined, undefined, undefined, undefined",cm725dgdh000au6h4fagm9twc,second,2021-08-24 18:30:00,9718651265,,,5630 4580 599
cm725ek6o009lu6xkbnadvbre,suresh.kumar494@gmail.com,Suresh Kumar,48,Male,"undefined, undefined, undefined, undefined, undefined, undefined, undefined",cm725dgto000uu6h4jaf7uft4,second,2021-06-17 18:30:00,9643464146,,,4628 2447 4907
cm725ek6z009nu6xkyl7b5lst,अलका.देवी738@gmail.com,अलका देवी,36,Male,"undefined, undefined, undefined, undefined, undefined, undefined, undefined",cm725dhob001nu6h4w6prlf4d,second,2020-04-09 18:30:00,9948349234,,,8697 4202 3322
cm725ek77009pu6xk7smb1s3m,simran.verma170@gmail.com,Simran Verma,59,Male,"undefined, undefined, undefined, undefined, undefined, undefined, undefined",cm725dgqu000su6h4g27ffdzk,second,2021-06-16 18:30:00,9569587630,,,8130 2722 5748
cm725ek7g009ru6xksai2xzfs,kunal.kumar952@gmail.com,Kunal Kumar,37,Male,"undefined, undefined, undefined, undefined, undefined, undefined, undefined",cm725dg0e0001u6h4by5yx0yk,third,2020-12-19 18:30:00,9247913536,,,1038 5707 5942
cm725ek7q009tu6xk8ihrrou9,amit.raj970@gmail.com,Amit Raj,44,Male,"undefined, undefined, undefined, undefined, undefined, undefined, undefined",cm725dgxt000xu6h4670vuanc,second,2022-06-08 18:30:00,9926301740,,,4068 7584 3818
cm725ek81009vu6xk7cdg47pf,वीरेंद्र.यादव485@gmail.com,वीरेंद्र यादव,42,Male,"undefined, undefined, undefined, undefined, undefined, undefined, undefined",cm725dhob001nu6h4w6prlf4d,third,2020-06-08 18:30:00,9355653698,,,8991 1515 9023
cm725ek8b009xu6xkst7bd0gt,ravi.verma168@gmail.com,Ravi Verma,52,Male,"undefined, undefined, undefined, undefined, undefined, undefined, undefined",cm725dgc70009u6h4pqcjyeb5,second,2020-10-17 18:30:00,9374810366,,,6924 4410 6969
cm725ek8k009zu6xk4cmldr1n,रेणु.शर्मा838@gmail.com,रेणु शर्मा,56,Male,"undefined, undefined, undefined, undefined, undefined, undefined, undefined",cm725dhlg001lu6h4i24bf51k,third,2021-05-03 18:30:00,9711522793,,,6562 5071 1536
cm725ek8t00a1u6xkyo4n1pci,rakesh.kumar42@gmail.com,Rakesh Kumar,54,Male,"undefined, undefined, undefined, undefined, undefined, undefined, undefined",cm725dh7z0014u6h48f1o32jf,second,2021-03-25 18:30:00,9596607252,,,14 2086 4456
cm725ek9200a3u6xk88j0pssp,bharat.kumar53@gmail.com,Bharat Kumar,37,Female,"undefined, undefined, undefined, undefined, undefined, undefined, undefined",cm725dh2l0010u6h4vffjc33n,first,2021-09-16 18:30:00,9919025535,,,3914 4719 5112
cm725ek9b00a5u6xkk5thf1ec,neha.gupta926@gmail.com,Neha Gupta,34,Male,"undefined, undefined, undefined, undefined, undefined, undefined, undefined",cm725dhf50019u6h4doj7u8um,second,2022-05-11 18:30:00,9153487921,,,4866 5521 438
cm725ek9k00a7u6xkp9ks97hx,pankaj.gupta612@gmail.com,Pankaj Gupta,45,Male,"undefined, undefined, undefined, undefined, undefined, undefined, undefined",cm725dgiu000eu6h40hxar6vi,first,2022-04-14 18:30:00,9604455631,,,709 6111 8870
cm725ek9t00a9u6xk160hj2i6,harish.chandra903@gmail.com,Harish Chandra,59,Male,"undefined, undefined, undefined, undefined, undefined, undefined, undefined",cm725dhjp001ku6h46h56cs13,third,2021-04-05 18:30:00,9793640449,,,6507 7999 4222
cm725eka300abu6xkxf37qndu,सतीश.कुमार75@gmail.com,सतीश कुमार,33,Female,"undefined, undefined, undefined, undefined, undefined, undefined, undefined",cm725dg830006u6h44jyrjmcn,first,2020-01-02 18:30:00,9815728053,,,7424 4237 1924
cm725ekad00adu6xk2fz3gsgd,रानी.देवी351@gmail.com,रानी देवी,50,Male,"undefined, undefined, undefined, undefined, undefined, undefined, undefined",cm725dg560004u6h4g36ue2gh,first,2022-12-21 18:30:00,9618122897,,,4409 2600 7673
cm725ekam00afu6xkmt6gvxz0,राजवीर.सिंह666@gmail.com,राजवीर सिंह,29,Male,"undefined, undefined, undefined, undefined, undefined, undefined, undefined",cm725dhax0016u6h4hi9y0qoy,second,2020-06-07 18:30:00,9360978220,,,6613 8602 2087
cm725ekav00ahu6xkowzivffp,कुसुम.देवी24@gmail.com,कुसुम देवी,21,Female,"undefined, undefined, undefined, undefined, undefined, undefined, undefined",cm725dhjp001ku6h46h56cs13,third,2020-01-04 18:30:00,9892319063,,,8182 1816 1418
cm725ekb500aju6xk86eg0ih4,रीना.यादव722@gmail.com,रीना यादव,42,Male,"undefined, undefined, undefined, undefined, undefined, undefined, undefined",cm725dfx50000u6h4y67rc83j,second,2020-07-09 18:30:00,9494548277,,,5551 4985 5856
cm725ekbg00alu6xkde192clp,anil.sharma69@gmail.com,Anil Sharma,27,Male,"undefined, undefined, undefined, undefined, undefined, undefined, undefined",cm725dh9h0015u6h4t5wwsnen,second,2021-08-11 18:30:00,9310443440,,,9282 7820 8748
cm725ekbp00anu6xk5j23i8b9,priyanka.verma906@gmail.com,Priyanka Verma,27,Male,"undefined, undefined, undefined, undefined, undefined, undefined, undefined",cm725dg6o0005u6h4jkjbkawz,third,2021-03-18 18:30:00,9398604148,,,1825 2266 1693
cm725ekbz00apu6xkn86c8coa,karan.kumar369@gmail.com,Karan Kumar,43,Male,"undefined, undefined, undefined, undefined, undefined, undefined, undefined",cm725dfx50000u6h4y67rc83j,first,2021-05-24 18:30:00,9619150897,,,6769 5713 3390
cm725ekc800aru6xkagh7coer,vivek.sharma808@gmail.com,Vivek Sharma,41,Male,"undefined, undefined, undefined, undefined, undefined, undefined, undefined",cm725dhc90017u6h4pclrf51x,third,2020-07-02 18:30:00,9287383766,,,991 1786 7561
cm725ekcg00atu6xkgu5vhsjk,amit.kumar210@gmail.com,Amit Kumar,20,Female,"undefined, undefined, undefined, undefined, undefined, undefined, undefined",cm725dgli000gu6h4ldtj08z8,second,2021-01-22 18:30:00,9825142033,,,697 4641 6911
cm725ekcp00avu6xkzmab3aei,neetu.singh802@gmail.com,Neetu Singh,21,Male,"undefined, undefined, undefined, undefined, undefined, undefined, undefined",cm725dh400011u6h42dk827m2,second,2021-02-23 18:30:00,9766489508,,,9008 6645 9700
cm725ekcx00axu6xkrn417zeb,suman.kumari364@gmail.com,Suman Kumari,49,Male,"undefined, undefined, undefined, undefined, undefined, undefined, undefined",cm725dh9h0015u6h4t5wwsnen,first,2020-11-26 18:30:00,9460989049,,,8750 1892 6093
cm725ekd500azu6xkhuobzs29,krishna.kumar417@gmail.com,Krishna Kumar,51,Male,"undefined, undefined, undefined, undefined, undefined, undefined, undefined",cm725dgdh000au6h4fagm9twc,third,2022-01-04 18:30:00,9662952602,,,7373 353 1685
cm725ekde00b1u6xky5rhlwe1,neetu.singh31@gmail.com,Neetu Singh,20,Male,"undefined, undefined, undefined, undefined, undefined, undefined, undefined",cm725dgto000uu6h4jaf7uft4,first,2022-09-13 18:30:00,9780787800,,,2544 4259 9750
cm725ekdn00b3u6xk6xotewn3,sarika.rai347@gmail.com,Sarika Rai,42,Male,"undefined, undefined, undefined, undefined, undefined, undefined, undefined",cm725dg6o0005u6h4jkjbkawz,third,2020-09-11 18:30:00,9559938114,,,1931 7401 5446
cm725ekdw00b5u6xkxt42hzr8,अनिल.शर्मा474@gmail.com,अनिल शर्मा,21,Female,"undefined, undefined, undefined, undefined, undefined, undefined, undefined",cm725dhdq0018u6h47pt3qkl8,first,2022-06-09 18:30:00,9305659100,,,5941 8869 3412
cm725eke500b7u6xkg4ijmzk8,शिवानी.देवी636@gmail.com,शिवानी देवी,41,Male,"undefined, undefined, undefined, undefined, undefined, undefined, undefined",cm725dgse000tu6h4upm5zpn9,first,2021-06-09 18:30:00,9191606054,,,4089 5893 1423
cm725ekee00b9u6xketpt3m9a,aarti.gupta893@gmail.com,Aarti Gupta,37,Female,"undefined, undefined, undefined, undefined, undefined, undefined, undefined",cm725dgdh000au6h4fagm9twc,first,2020-10-18 18:30:00,9957224677,,,9469 2677 8616
cm725ekem00bbu6xksl6zc7jv,alok.tripathi535@gmail.com,Alok Tripathi,41,Female,"undefined, undefined, undefined, undefined, undefined, undefined, undefined",cm725dh7z0014u6h48f1o32jf,second,2021-04-17 18:30:00,9718898803,,,8754 5453 3534
cm725ekev00bdu6xktd4fr9yd,ramesh.tiwari906@gmail.com,Ramesh Tiwari,48,Male,"undefined, undefined, undefined, undefined, undefined, undefined, undefined",cm725dhjp001ku6h46h56cs13,first,2021-10-22 18:30:00,9202026146,,,6706 8204 8595
cm725ekf500bfu6xk9wmx3q1k,मोहनलाल.397@gmail.com,मोहनलाल,38,Male,"undefined, undefined, undefined, undefined, undefined, undefined, undefined",cm725dgwf000wu6h4xx4n22q9,third,2021-06-21 18:30:00,9910778840,,,9407 9181 9488
cm725ekfe00bhu6xkn6hi1j2l,राजेंद्र.यादव342@gmail.com,राजेंद्र यादव,42,Female,"undefined, undefined, undefined, undefined, undefined, undefined, undefined",cm725dgse000tu6h4upm5zpn9,third,2021-09-23 18:30:00,9901785699,,,3292 7233 6809
cm725ekfn00bju6xkwyk1z9hh,vijay.verma348@gmail.com,Vijay Verma,37,Male,"undefined, undefined, undefined, undefined, undefined, undefined, undefined",cm725dhf50019u6h4doj7u8um,second,2022-03-04 18:30:00,9494481372,,,6355 2106 6047
cm725ekfx00blu6xk3j71pey0,अनिता.देवी631@gmail.com,अनिता देवी,42,Male,"undefined, undefined, undefined, undefined, undefined, undefined, undefined",cm725dghl000du6h43wv647un,third,2021-05-21 18:30:00,9102268422,,,6726 9027 338
cm725ekg700bnu6xkno08t4u6,ramesh.patel62@gmail.com,Ramesh Patel,36,Female,"undefined, undefined, undefined, undefined, undefined, undefined, undefined",cm725dgaz0008u6h4o1r9mtq7,third,2021-10-02 18:30:00,9319540811,,,4887 888 760
cm725ekgh00bpu6xk1ewydqfc,pankaj.verma669@gmail.com,Pankaj Verma,35,Male,"undefined, undefined, undefined, undefined, undefined, undefined, undefined",cm725dhob001nu6h4w6prlf4d,third,2020-08-09 18:30:00,9521318137,,,1749 1633 5307
cm725ekgq00bru6xkb5gvmf1j,अवधेश.कुमार763@gmail.com,अवधेश कुमार,47,Male,"undefined, undefined, undefined, undefined, undefined, undefined, undefined",cm725dh2l0010u6h4vffjc33n,second,2021-04-07 18:30:00,9753021400,,,1509 6668 815
cm725ekgz00btu6xk8bgztj8e,brijesh.kumar484@gmail.com,Brijesh Kumar,53,Male,"undefined, undefined, undefined, undefined, undefined, undefined, undefined",cm725dgdh000au6h4fagm9twc,first,2021-06-30 18:30:00,9530232562,,,7617 4103 8836
cm725ekh900bvu6xk9t8u2v7m,सुमन.लता966@gmail.com,सुमन लता,20,Female,"undefined, undefined, undefined, undefined, undefined, undefined, undefined",cm725dgiu000eu6h40hxar6vi,third,2022-06-04 18:30:00,9930951680,,,2876 6264 51
cm725ekhj00bxu6xkcehs3vkj,sunil.agarwal162@gmail.com,Sunil Agarwal,38,Female,"undefined, undefined, undefined, undefined, undefined, undefined, undefined",cm725dghl000du6h43wv647un,third,2021-07-03 18:30:00,9755182197,,,6592 8433 9183
cm725ekhs00bzu6xksk9wdw5h,पंकज.शर्मा528@gmail.com,पंकज शर्मा,42,Male,"undefined, undefined, undefined, undefined, undefined, undefined, undefined",cm725dhax0016u6h4hi9y0qoy,first,2022-04-20 18:30:00,9387889760,,,8065 4542 4328
cm725eki200c1u6xkpznygqob,geeta.singh808@gmail.com,Geeta Singh,45,Male,"undefined, undefined, undefined, undefined, undefined, undefined, undefined",cm725dgli000gu6h4ldtj08z8,second,2020-04-03 18:30:00,9871846020,,,5396 477 9435
cm725ekib00c3u6xkyayku7eo,राकेश.कुमार526@gmail.com,राकेश कुमार,39,Female,"undefined, undefined, undefined, undefined, undefined, undefined, undefined",cm725dh5e0012u6h479zkreaz,first,2020-04-02 18:30:00,9882048449,,,4054 4757 1075
cm725ekii00c5u6xkymy0h9k3,ravi.yadav659@gmail.com,Ravi Yadav,48,Male,"undefined, undefined, undefined, undefined, undefined, undefined, undefined",cm725dhc90017u6h4pclrf51x,second,2021-10-15 18:30:00,9502256138,,,6962 4623 8645
cm725ekit00c7u6xk5n62pmo4,vikram.raj367@gmail.com,Vikram Raj,51,Male,"undefined, undefined, undefined, undefined, undefined, undefined, undefined",cm725dgxt000xu6h4670vuanc,third,2020-11-15 18:30:00,9761061804,,,2404 7843 9493
cm725ekj200c9u6xkd7yknhbs,sunita.chaudhary413@gmail.com,Sunita Chaudhary,39,Male,"undefined, undefined, undefined, undefined, undefined, undefined, undefined",cm725dgaz0008u6h4o1r9mtq7,first,2022-10-05 18:30:00,9705024754,,,9707 4216 4240
cm725ekja00cbu6xkqkykmf02,abhishek.singh366@gmail.com,Abhishek Singh,51,Male,"undefined, undefined, undefined, undefined, undefined, undefined, undefined",cm725dg0e0001u6h4by5yx0yk,first,2022-08-02 18:30:00,9876225993,,,6317 8308 2266
cm725ekji00cdu6xkprf5xrck,दीपक.सिंह111@gmail.com,दीपक सिंह,46,Female,"undefined, undefined, undefined, undefined, undefined, undefined, undefined",cm725dgc70009u6h4pqcjyeb5,second,2022-01-13 18:30:00,9174250095,,,9049 872 2250
cm725ekjq00cfu6xklwjho690,asha.yadav535@gmail.com,Asha Yadav,41,Male,"undefined, undefined, undefined, undefined, undefined, undefined, undefined",cm725dg3k0003u6h4e8f3kb9h,third,2022-06-06 18:30:00,9589132864,,,7098 8225 4626
cm725ekjz00chu6xk6m3u499y,seema.rani861@gmail.com,Seema Rani,32,Female,"undefined, undefined, undefined, undefined, undefined, undefined, undefined",cm725dgfe000bu6h40byv631f,first,2022-05-06 18:30:00,9845351430,,,4767 7379 6824
cm725ekk900cju6xk3xb5508l,rohit.kumar165@gmail.com,Rohit Kumar,55,Male,"undefined, undefined, undefined, undefined, undefined, undefined, undefined",cm725dfx50000u6h4y67rc83j,second,2022-06-08 18:30:00,9974076011,,,4329 8912 1055
cm725ekkh00clu6xky1yxn76d,rajni.kumari646@gmail.com,Rajni Kumari,30,Female,"undefined, undefined, undefined, undefined, undefined, undefined, undefined",cm725dgwf000wu6h4xx4n22q9,second,2020-08-16 18:30:00,9267853793,,,7461 2208 9288
cm725ekks00cnu6xkbfoaq9ra,sanjay.tripathi653@gmail.com,Sanjay Tripathi,24,Male,"undefined, undefined, undefined, undefined, undefined, undefined, undefined",cm725dgzm000yu6h4ywfzbf9r,second,2022-08-08 18:30:00,9839969178,,,8747 9076 1091
cm725ekl000cpu6xkmbvfj7jw,सुमित.शर्मा285@gmail.com,सुमित शर्मा,58,Male,"undefined, undefined, undefined, undefined, undefined, undefined, undefined",cm725dgc70009u6h4pqcjyeb5,first,2021-09-07 18:30:00,9977768076,,,1107 230 7811
cm725ekla00cru6xk5o4bfkgk,नमिता.पांडे581@gmail.com,नमिता पांडे,27,Male,"undefined, undefined, undefined, undefined, undefined, undefined, undefined",cm725dfx50000u6h4y67rc83j,third,2021-08-03 18:30:00,9249577008,,,7513 8705 612
cm725eklj00ctu6xk5jwyxo41,rajesh.pandey401@gmail.com,Rajesh Pandey,32,Male,"undefined, undefined, undefined, undefined, undefined, undefined, undefined",cm725dg9j0007u6h4tzh2udh2,third,2020-10-15 18:30:00,9233464418,,,1751 1542 6260
cm725eklt00cvu6xkof2891jm,sunil.agarwal412@gmail.com,Sunil Agarwal,29,Male,"undefined, undefined, undefined, undefined, undefined, undefined, undefined",cm725dgpg000ru6h4pja8ts0a,second,2022-09-04 18:30:00,9141986325,,,6252 7091 7141
cm725ekm400cxu6xkkx5l5l5s,नमिता.पांडे697@gmail.com,नमिता पांडे,37,Male,"undefined, undefined, undefined, undefined, undefined, undefined, undefined",cm725dgfe000bu6h40byv631f,second,2021-03-19 18:30:00,9221838195,,,8204 6045 97
cm725ekmd00czu6xkea5sy1p1,rohit.sharma466@gmail.com,Rohit Sharma,30,Male,"undefined, undefined, undefined, undefined, undefined, undefined, undefined",cm725dg0e0001u6h4by5yx0yk,third,2021-06-01 18:30:00,9275166293,,,2709 2528 1619
cm725ekmq00d1u6xk70q3siit,सुषमा.देवी456@gmail.com,सुषमा देवी,47,Male,"undefined, undefined, undefined, undefined, undefined, undefined, undefined",cm725dhlg001lu6h4i24bf51k,second,2022-02-17 18:30:00,9689658880,,,6375 5495 9232
cm725ekn200d3u6xkl8vn73v6,alok.sharma77@gmail.com,Alok Sharma,45,Male,"undefined, undefined, undefined, undefined, undefined, undefined, undefined",cm725dgzm000yu6h4ywfzbf9r,second,2020-04-16 18:30:00,9533731620,,,6840 9472 4963
cm725eknf00d5u6xktjgljs21,sanjay.yadav886@gmail.com,Sanjay Yadav,50,Male,"undefined, undefined, undefined, undefined, undefined, undefined, undefined",cm725dgv4000vu6h4pyaidp0c,third,2020-01-07 18:30:00,9187145285,,,380 5525 1288
cm725eknp00d7u6xk2fu1sbzn,anjali.verma141@gmail.com,Anjali Verma,40,Male,"undefined, undefined, undefined, undefined, undefined, undefined, undefined",cm725dgaz0008u6h4o1r9mtq7,first,2021-03-16 18:30:00,9239963492,,,5049 7065 5736
cm725eko400d9u6xk8mptsokj,rakesh.verma526@gmail.com,Rakesh Verma,58,Male,"undefined, undefined, undefined, undefined, undefined, undefined, undefined",cm725dgwf000wu6h4xx4n22q9,second,2021-04-15 18:30:00,9647365389,,,6121 9084 3243
cm725ekof00dbu6xkgwk99389,सुरेश.यादव69@gmail.com,सुरेश यादव,48,Male,"undefined, undefined, undefined, undefined, undefined, undefined, undefined",cm725dhjp001ku6h46h56cs13,first,2022-02-23 18:30:00,9743150289,,,7011 108 9762
cm725ekop00ddu6xkscwd7o3e,neha.patel488@gmail.com,Neha Patel,52,Male,"undefined, undefined, undefined, undefined, undefined, undefined, undefined",cm725dhax0016u6h4hi9y0qoy,third,2021-11-21 18:30:00,9124712731,,,5954 8489 2287
cm725ekoz00dfu6xki4vcbrcl,रानी.देवी6@gmail.com,रानी देवी,56,Male,"undefined, undefined, undefined, undefined, undefined, undefined, undefined",cm725dhlg001lu6h4i24bf51k,second,2022-08-05 18:30:00,9318542478,,,4167 1448 4232
cm725ekpe00dhu6xk2cr0qnzx,savitri.singh908@gmail.com,Savitri Singh,53,Male,"undefined, undefined, undefined, undefined, undefined, undefined, undefined",cm725dgto000uu6h4jaf7uft4,third,2021-12-10 18:30:00,9877958228,,,8503 7379 7614
cm725ekps00dju6xk6pk676sf,kunal.kumar111@gmail.com,Kunal Kumar,51,Male,"undefined, undefined, undefined, undefined, undefined, undefined, undefined",cm725dgse000tu6h4upm5zpn9,second,2020-01-06 18:30:00,9179690054,,,2363 6526 252
cm725ekq100dlu6xko9q0z2av,विक्रम.यादव654@gmail.com,विक्रम यादव,55,Female,"undefined, undefined, undefined, undefined, undefined, undefined, undefined",cm725dh1e000zu6h4sxki18bd,third,2021-02-19 18:30:00,9299301846,,,6683 3379 7115
cm725ekqb00dnu6xkwgyh60ko,neha.patel993@gmail.com,Neha Patel,45,Female,"undefined, undefined, undefined, undefined, undefined, undefined, undefined",cm725dg9j0007u6h4tzh2udh2,second,2022-01-05 18:30:00,9843074313,,,5354 4477 7728
cm725ekql00dpu6xksogv3xql,poonam.verma552@gmail.com,Poonam Verma,48,Male,"undefined, undefined, undefined, undefined, undefined, undefined, undefined",cm725dh2l0010u6h4vffjc33n,third,2020-06-15 18:30:00,9386586968,,,7259 6434 1065
cm725ekqu00dru6xk9pdocany,priya.patel20@gmail.com,Priya Patel,21,Male,"undefined, undefined, undefined, undefined, undefined, undefined, undefined",cm725dh2l0010u6h4vffjc33n,third,2020-05-18 18:30:00,9799419889,,,8401 3383 8101
cm725ekr500dtu6xkt0dkrttp,शिवानी.देवी336@gmail.com,शिवानी देवी,58,Male,"undefined, undefined, undefined, undefined, undefined, undefined, undefined",cm725dgpg000ru6h4pja8ts0a,third,2022-12-03 18:30:00,9128479587,,,7270 6921 8652
cm725ekre00dvu6xko2i58zfw,sanjay.tripathi58@gmail.com,Sanjay Tripathi,52,Male,"undefined, undefined, undefined, undefined, undefined, undefined, undefined",cm725dgk6000fu6h4bwj5qyj4,first,2021-08-01 18:30:00,9479995601,,,9508 6096 1198
cm725ekrs00dxu6xkpkvgeeky,kavita.verma904@gmail.com,Kavita Verma,26,Male,"undefined, undefined, undefined, undefined, undefined, undefined, undefined",cm725dgiu000eu6h40hxar6vi,third,2021-01-03 18:30:00,9970612615,,,8485 6640 8967
cm725eks100dzu6xk525r6lwd,pooja.verma142@gmail.com,Pooja Verma,57,Male,"undefined, undefined, undefined, undefined, undefined, undefined, undefined",cm725dh2l0010u6h4vffjc33n,second,2021-12-25 18:30:00,9671154501,,,9129 1760 5257
cm725eksb00e1u6xkduf4755v,suresh.gupta472@gmail.com,Suresh Gupta,57,Male,"undefined, undefined, undefined, undefined, undefined, undefined, undefined",cm725dgli000gu6h4ldtj08z8,third,2021-10-04 18:30:00,9405844755,,,5875 6461 4308
cm725eksq00e3u6xktgwtqt1i,रमेश.कुमार779@gmail.com,रमेश कुमार,44,Male,"undefined, undefined, undefined, undefined, undefined, undefined, undefined",cm725dh6r0013u6h41cjnqq28,third,2020-08-23 18:30:00,9414343460,,,17 1510 3522
cm725ekt300e5u6xkenz1b90d,अंजलि.देवी844@gmail.com,अंजलि देवी,46,Male,"undefined, undefined, undefined, undefined, undefined, undefined, undefined",cm725dhdq0018u6h47pt3qkl8,second,2021-12-02 18:30:00,9390804480,,,1351 6476 3398
cm725ektd00e7u6xk2zqms014,sunil.sharma865@gmail.com,Sunil Sharma,28,Male,"undefined, undefined, undefined, undefined, undefined, undefined, undefined",cm725dhax0016u6h4hi9y0qoy,first,2021-11-05 18:30:00,9319498026,,,3100 8854 7937
cm725ektl00e9u6xkbh07e3lm,mohammad.imran291@gmail.com,Mohammad Imran,46,Male,"undefined, undefined, undefined, undefined, undefined, undefined, undefined",cm725dg6o0005u6h4jkjbkawz,first,2020-08-15 18:30:00,9179942506,,,703 4837 1070
cm725ektu00ebu6xky7d108x9,mahesh.yadav50@gmail.com,Mahesh Yadav,56,Female,"undefined, undefined, undefined, undefined, undefined, undefined, undefined",cm725dhlg001lu6h4i24bf51k,second,2020-03-25 18:30:00,9734876081,,,8527 8479 7526
cm725eku400edu6xki8e9zs7f,राम.कुमार417@gmail.com,राम कुमार,49,Male,"undefined, undefined, undefined, undefined, undefined, undefined, undefined",cm725dg1z0002u6h4amagnkym,first,2020-06-16 18:30:00,9668515962,,,1699 9250 9784
cm725ekub00efu6xkx906ige7,komal.sharma763@gmail.com,Komal Sharma,21,Male,"undefined, undefined, undefined, undefined, undefined, undefined, undefined",cm725dgfe000bu6h40byv631f,third,2020-04-11 18:30:00,9692064117,,,2037 2932 8792
cm725ekum00ehu6xklqoalhw9,suman.lata447@gmail.com,Suman Lata,49,Female,"undefined, undefined, undefined, undefined, undefined, undefined, undefined",cm725dg560004u6h4g36ue2gh,second,2021-02-25 18:30:00,9719394494,,,872 8898 4217
cm725ekv700eju6xk5svhltbc,विनोद.वर्मा718@gmail.com,विनोद वर्मा,40,Male,"undefined, undefined, undefined, undefined, undefined, undefined, undefined",cm725dgwf000wu6h4xx4n22q9,first,2020-05-04 18:30:00,9658698433,,,8372 223 5591
cm725ekvo00elu6xk1qj22dnl,rakesh.singh766@gmail.com,Rakesh Singh,25,Male,"undefined, undefined, undefined, undefined, undefined, undefined, undefined",cm725dg3k0003u6h4e8f3kb9h,second,2020-10-14 18:30:00,9640352180,,,3006 4732 2175
cm725ekw100enu6xkqhnxmjlh,राघव.सिंह219@gmail.com,राघव सिंह,23,Male,"undefined, undefined, undefined, undefined, undefined, undefined, undefined",cm725dgwf000wu6h4xx4n22q9,second,2022-01-12 18:30:00,9364704870,,,1808 5638 8824
cm725ekwa00epu6xkql6hpnrv,राजेश.कुमार540@gmail.com,राजेश कुमार,47,Male,"undefined, undefined, undefined, undefined, undefined, undefined, undefined",cm725dh1e000zu6h4sxki18bd,second,2022-01-08 18:30:00,9370856523,,,1267 7060 2119
cm725ekwk00eru6xkfryxqz1m,सुरेश.यादव456@gmail.com,सुरेश यादव,29,Male,"undefined, undefined, undefined, undefined, undefined, undefined, undefined",cm725dgk6000fu6h4bwj5qyj4,second,2021-07-10 18:30:00,9831137920,,,3673 1787 9379
cm725ekx100etu6xkw7l41m35,laxmi.yadav457@gmail.com,Laxmi Yadav,31,Male,"undefined, undefined, undefined, undefined, undefined, undefined, undefined",cm725dg9j0007u6h4tzh2udh2,second,2022-05-22 18:30:00,9272463535,,,4012 7957 9401
cm725ekxf00evu6xkevubmfco,vinod.yadav839@gmail.com,Vinod Yadav,27,Male,"undefined, undefined, undefined, undefined, undefined, undefined, undefined",cm725dhpn001ou6h45jky4k04,second,2021-10-09 18:30:00,9556002514,,,7844 8127 9442
cm725ekxy00exu6xkn0ntt2th,rohit.verma419@gmail.com,Rohit Verma,31,Male,"undefined, undefined, undefined, undefined, undefined, undefined, undefined",cm725dg560004u6h4g36ue2gh,first,2021-09-14 18:30:00,9334637095,,,9557 2968 1206
cm725eky800ezu6xk25l6zply,सुरेश.चौधरी233@gmail.com,सुरेश चौधरी,37,Female,"undefined, undefined, undefined, undefined, undefined, undefined, undefined",cm725dgfe000bu6h40byv631f,third,2021-03-22 18:30:00,9756257913,,,1179 4454 1002
cm725ekyh00f1u6xkb6xd6e4r,vishal.yadav140@gmail.com,Vishal Yadav,55,Male,"undefined, undefined, undefined, undefined, undefined, undefined, undefined",cm725dh1e000zu6h4sxki18bd,second,2020-06-01 18:30:00,9554859393,,,1216 3992 8594
cm725ekyp00f3u6xksa041rlz,नंदनी.कुमारी829@gmail.com,नंदनी कुमारी,42,Male,"undefined, undefined, undefined, undefined, undefined, undefined, undefined",cm725dhmz001mu6h4g3gzaxyy,first,2020-05-15 18:30:00,9835407744,,,5480 4717 4235
cm725ekz200f5u6xkzr9i0y2b,ravi.singh895@gmail.com,Ravi Singh,26,Male,"undefined, undefined, undefined, undefined, undefined, undefined, undefined",cm725dhob001nu6h4w6prlf4d,third,2022-11-16 18:30:00,9361796388,,,9155 1562 6236
cm725ekzb00f7u6xka4d9pwwb,suman.kumari710@gmail.com,Suman Kumari,56,Male,"undefined, undefined, undefined, undefined, undefined, undefined, undefined",cm725dg560004u6h4g36ue2gh,third,2020-08-03 18:30:00,9943422230,,,9317 939 6224
cm725ekzl00f9u6xkqvg8wqdu,pooja.gupta233@gmail.com,Pooja Gupta,35,Male,"undefined, undefined, undefined, undefined, undefined, undefined, undefined",cm725dhmz001mu6h4g3gzaxyy,first,2021-12-24 18:30:00,9429338742,,,5386 4624 3055
cm725ekzw00fbu6xk76a4n27c,jitendra.singh192@gmail.com,Jitendra Singh,24,Male,"undefined, undefined, undefined, undefined, undefined, undefined, undefined",cm725dhjp001ku6h46h56cs13,first,2021-08-07 18:30:00,9132576324,,,3563 8379 9030
cm725el0400fdu6xkg3brrcyn,rashmi.rani730@gmail.com,Rashmi Rani,31,Male,"undefined, undefined, undefined, undefined, undefined, undefined, undefined",cm725dhc90017u6h4pclrf51x,second,2020-02-28 18:30:00,9325266286,,,1713 2746 3398
cm725el0d00ffu6xkquaz5kvi,विक्रम.कुमार356@gmail.com,विक्रम कुमार,28,Female,"undefined, undefined, undefined, undefined, undefined, undefined, undefined",cm725dg6o0005u6h4jkjbkawz,third,2020-04-18 18:30:00,9878347635,,,7067 3460 5660
cm725el0m00fhu6xk04ulie3o,ruchi.rani165@gmail.com,Ruchi Rani,55,Female,"undefined, undefined, undefined, undefined, undefined, undefined, undefined",cm725dgwf000wu6h4xx4n22q9,second,2020-11-26 18:30:00,9831660146,,,2422 7394 4254
cm725el0w00fju6xkv9yhksjf,nisha.rani76@gmail.com,Nisha Rani,40,Male,"undefined, undefined, undefined, undefined, undefined, undefined, undefined",cm725dg6o0005u6h4jkjbkawz,second,2022-11-09 18:30:00,9879426043,,,3515 1208 4498
cm725el1500flu6xktr17t9n1,गीता.देवी212@gmail.com,गीता देवी,56,Male,"undefined, undefined, undefined, undefined, undefined, undefined, undefined",cm725dh1e000zu6h4sxki18bd,second,2021-06-13 18:30:00,9216186380,,,4013 582 5878
cm725el1f00fnu6xk35sofxdw,deepak.tiwari287@gmail.com,Deepak Tiwari,59,Male,"undefined, undefined, undefined, undefined, undefined, undefined, undefined",cm725dgwf000wu6h4xx4n22q9,first,2022-01-11 18:30:00,9988059356,,,883 2750 7816
cm725el1o00fpu6xklvtfo7q5,alok.yadav414@gmail.com,Alok Yadav,39,Male,"undefined, undefined, undefined, undefined, undefined, undefined, undefined",cm725dgto000uu6h4jaf7uft4,third,2020-01-02 18:30:00,9259718810,,,6635 9478 6052
cm725el1w00fru6xk6coy94gt,ruchi.rani825@gmail.com,Ruchi Rani,38,Male,"undefined, undefined, undefined, undefined, undefined, undefined, undefined",cm725dhmz001mu6h4g3gzaxyy,third,2021-04-20 18:30:00,9781023772,,,8442 6818 8507
cm725el2500ftu6xkfvpj1oo3,neha.joshi592@gmail.com,Neha Joshi,40,Female,"undefined, undefined, undefined, undefined, undefined, undefined, undefined",cm725dg6o0005u6h4jkjbkawz,third,2020-09-29 18:30:00,9355367134,,,412 9797 4605
cm725el2e00fvu6xk9fpm601s,गीता.देवी89@gmail.com,गीता देवी,37,Male,"undefined, undefined, undefined, undefined, undefined, undefined, undefined",cm725dgse000tu6h4upm5zpn9,third,2021-05-16 18:30:00,9932224056,,,9705 9222 4693
cm725el2q00fxu6xkoroc1lj1,rahul.verma895@gmail.com,Rahul Verma,40,Male,"undefined, undefined, undefined, undefined, undefined, undefined, undefined",cm725dgwf000wu6h4xx4n22q9,second,2021-05-13 18:30:00,9513637945,,,2345 5185 3988
cm725el3400fzu6xkkwtwrmgy,neha.verma13@gmail.com,Neha Verma,39,Male,"undefined, undefined, undefined, undefined, undefined, undefined, undefined",cm725dgli000gu6h4ldtj08z8,second,2022-01-22 18:30:00,9870110403,,,338 3162 4956
cm725el3f00g1u6xkyd3c3jcm,गोलू.यादव646@gmail.com,गोलू यादव,37,Male,"undefined, undefined, undefined, undefined, undefined, undefined, undefined",cm725dg6o0005u6h4jkjbkawz,second,2021-02-09 18:30:00,9789479458,,,8426 790 8415
cm725el3q00g3u6xkq56y739p,arjun.menon546@gmail.com,Arjun Menon,20,Male,"undefined, undefined, undefined, undefined, undefined, undefined, undefined",cm725dgaz0008u6h4o1r9mtq7,second,2022-01-10 18:30:00,9789742075,,,5893 3341 4743
cm725el4200g5u6xkehdw8e3h,rashmi.rani987@gmail.com,Rashmi Rani,59,Male,"undefined, undefined, undefined, undefined, undefined, undefined, undefined",cm725dfx50000u6h4y67rc83j,first,2020-11-24 18:30:00,9881122812,,,4315 9245 7790
cm725el4g00g7u6xk8k5k2st9,मनोज.चौधरी556@gmail.com,मनोज चौधरी,27,Male,"undefined, undefined, undefined, undefined, undefined, undefined, undefined",cm725dgli000gu6h4ldtj08z8,third,2022-01-07 18:30:00,9194761686,,,2931 1294 767
cm725el4u00g9u6xk99kbmieu,nisha.verma403@gmail.com,Nisha Verma,55,Female,"undefined, undefined, undefined, undefined, undefined, undefined, undefined",cm725dh5e0012u6h479zkreaz,third,2020-02-11 18:30:00,9326105981,,,8431 7308 8042
cm725el5700gbu6xks1o0symy,vijay.singh429@gmail.com,Vijay Singh,31,Male,"undefined, undefined, undefined, undefined, undefined, undefined, undefined",cm725dhf50019u6h4doj7u8um,first,2020-02-28 18:30:00,9348656470,,,6498 552 905
cm725el5h00gdu6xkinz7379v,simran.sharma898@gmail.com,Simran Sharma,27,Male,"undefined, undefined, undefined, undefined, undefined, undefined, undefined",cm725dg830006u6h44jyrjmcn,third,2022-06-20 18:30:00,9840460880,,,1452 471 7920
cm725el5s00gfu6xkmvux23xk,savitri.singh78@gmail.com,Savitri Singh,26,Female,"undefined, undefined, undefined, undefined, undefined, undefined, undefined",cm725dhpn001ou6h45jky4k04,first,2020-04-20 18:30:00,9151452735,,,2949 314 6509
cm725el6100ghu6xks4y8z4jj,sanjay.gupta498@gmail.com,Sanjay Gupta,58,Male,"undefined, undefined, undefined, undefined, undefined, undefined, undefined",cm725dgdh000au6h4fagm9twc,first,2020-01-18 18:30:00,9115828841,,,4101 1028 4086
cm725el6d00gju6xk4j57bv5h,गोपाल.प्रसाद142@gmail.com,गोपाल प्रसाद,50,Male,"undefined, undefined, undefined, undefined, undefined, undefined, undefined",cm725dhmz001mu6h4g3gzaxyy,first,2021-12-22 18:30:00,9123996643,,,6993 2775 638
cm725el6n00glu6xkceawhl6n,राजेश.कुमार736@gmail.com,राजेश कुमार,27,Male,"undefined, undefined, undefined, undefined, undefined, undefined, undefined",cm725dh7z0014u6h48f1o32jf,first,2022-03-26 18:30:00,9721298512,,,9692 2028 13
cm725el6x00gnu6xk872fpi6k,shiv.kumar832@gmail.com,Shiv Kumar,51,Male,"undefined, undefined, undefined, undefined, undefined, undefined, undefined",cm725dgto000uu6h4jaf7uft4,third,2021-11-18 18:30:00,9182764083,,,1062 8685 2791